generated_at,2025-04-30 23:39:20 UTC

day_id,day_start_at,user_id,user_name,user_day_position,user_day_calculated_score,prizing_eligible
154,2021-03-12 08:00:00 UTC,2000452409,SeeGaul98,1,1244.0257,false
154,2021-03-12 08:00:00 UTC,2003647964,SandManAU,2,1191.7465,false
154,2021-03-12 08:00:00 UTC,2016508412,Prophet_Only,3,1185.8092,false
154,2021-03-12 08:00:00 UTC,2017703841,KaRathCS,4,1122.3678,false
154,2021-03-12 08:00:00 UTC,2001438825,cjhunt2001,5,1112.296,false
154,2021-03-12 08:00:00 UTC,2018328096,Dark_ANZPL4,6,1108.6393,false
154,2021-03-12 08:00:00 UTC,2003015904,Stephen_1987,7,1104.4337,false
154,2021-03-12 08:00:00 UTC,2000531345,Yawn1n9,8,1097.6329,false
154,2021-03-12 08:00:00 UTC,2004085542,Elfishguy11,9,1091.7047,false
154,2021-03-12 08:00:00 UTC,2001360923,kies0999,10,1082.6142,false
154,2021-03-12 08:00:00 UTC,2008666381,sammie_2015,10,1082.6142,false
154,2021-03-12 08:00:00 UTC,2013512572,CynicalSilicon,12,1079.2859,false
154,2021-03-12 08:00:00 UTC,2016842462,isaak34,13,1077.4667,false
154,2021-03-12 08:00:00 UTC,2007764393,gloster173,14,1073.2093,false
154,2021-03-12 08:00:00 UTC,2000250363,piotra71,15,1062.8808,false
154,2021-03-12 08:00:00 UTC,2015856541,Turtleramus,16,1057.9468,false
154,2021-03-12 08:00:00 UTC,2020297444,rupro_,17,1056.4068,false
154,2021-03-12 08:00:00 UTC,2005780579,Doomseeker,18,1041.264,false
154,2021-03-12 08:00:00 UTC,2001884089,RainbowAssassin,19,1040.2909,false
154,2021-03-12 08:00:00 UTC,2003800995,Leichtraktor,20,1038.1687,false
154,2021-03-12 08:00:00 UTC,2005573310,JS_,21,1031.5882,false
154,2021-03-12 08:00:00 UTC,2015504387,Prophet_Grimmy_CjHellcat,22,1027.594,false
154,2021-03-12 08:00:00 UTC,2000000419,_SIayer,23,1023.3948,false
154,2021-03-12 08:00:00 UTC,2002640736,stewiejp,24,1021.7168,false
154,2021-03-12 08:00:00 UTC,2003714752,I_NEED_ABOUT_TREE_,25,1016.1088,false
154,2021-03-12 08:00:00 UTC,2003459402,iamvqb,26,1014.0052,false
154,2021-03-12 08:00:00 UTC,578125961,wotru0916,27,1012.413,false
154,2021-03-12 08:00:00 UTC,2013316722,Tolme,28,1012.0294,false
154,2021-03-12 08:00:00 UTC,2001428029,Tickle_Monster,29,1009.9448,false
154,2021-03-12 08:00:00 UTC,2010845029,Tiger_Snake_101,30,1000.3652,false
154,2021-03-12 08:00:00 UTC,2016989252,Pp_Power,31,995.5124,false
154,2021-03-12 08:00:00 UTC,2002740285,puelhem,32,993.1734,false
154,2021-03-12 08:00:00 UTC,2001257866,Bones882,33,991.3286,false
154,2021-03-12 08:00:00 UTC,1001255155,chase_no_cinco,34,989.4656,false
154,2021-03-12 08:00:00 UTC,2003348735,Hotrodcoupe12,35,984.6599,false
154,2021-03-12 08:00:00 UTC,2000075952,NinjaMonkey,36,978.4385,false
154,2021-03-12 08:00:00 UTC,2003632377,DarthCavalier,37,970.2321,false
154,2021-03-12 08:00:00 UTC,2001328673,Jordy,38,968.1887,false
154,2021-03-12 08:00:00 UTC,2005775629,Ziggy_Bravo_27,39,960.7429,false
154,2021-03-12 08:00:00 UTC,2000240907,Fadey,40,958.5616,false
154,2021-03-12 08:00:00 UTC,2006767749,Akari_o7,41,956.5758,false
154,2021-03-12 08:00:00 UTC,2017948489,OmeiWamouShindeiru,42,950.8457,false
154,2021-03-12 08:00:00 UTC,2018658600,Twit_,42,950.8457,false
154,2021-03-12 08:00:00 UTC,2014085654,CelestiaLudenberg,44,949.9043,false
154,2021-03-12 08:00:00 UTC,2018338956,RowendyTheTwoTime,45,944.8737,false
154,2021-03-12 08:00:00 UTC,2000529778,Aunty_Jacinda,46,943.7819,false
154,2021-03-12 08:00:00 UTC,2030993170,Str8JaktJim_,47,942.4783,false
154,2021-03-12 08:00:00 UTC,2001954209,LeSigh,48,941.8293,false
154,2021-03-12 08:00:00 UTC,2009276358,TheReturned,49,936.8144,false
154,2021-03-12 08:00:00 UTC,2018159991,JayRated,50,936.4328,false
154,2021-03-12 08:00:00 UTC,2016324001,frosti0,51,935.5548,false
154,2021-03-12 08:00:00 UTC,2000377005,BananaWeewa,52,934.7341,false
154,2021-03-12 08:00:00 UTC,2002613229,Buddypal,53,934.221,false
154,2021-03-12 08:00:00 UTC,2003016904,ScoMo_at_Engadine_Maccas,54,933.4865,false
154,2021-03-12 08:00:00 UTC,2003839594,The_AuzziGamer,55,930.3467,false
154,2021-03-12 08:00:00 UTC,2024409189,DeL_UwU,56,930.3455,false
154,2021-03-12 08:00:00 UTC,2001659726,CandleSaul,57,927.0486,false
154,2021-03-12 08:00:00 UTC,2018332765,Ausgaz62,58,922.7385,false
154,2021-03-12 08:00:00 UTC,2009587252,Virtuous_Contract,59,920.929,false
154,2021-03-12 08:00:00 UTC,2004608779,9_9_destroyer,60,918.5128,false
154,2021-03-12 08:00:00 UTC,2018385719,Maui_the_demigod,61,915.9502,false
154,2021-03-12 08:00:00 UTC,2002050020,LightningMan,62,915.3724,false
154,2021-03-12 08:00:00 UTC,2000992099,hubewa,63,915.2541,false
154,2021-03-12 08:00:00 UTC,2009717461,PhantomSweet,64,915.0925,false
154,2021-03-12 08:00:00 UTC,2018644754,DUCKY_Wym0_DUCKY,65,913.2564,false
154,2021-03-12 08:00:00 UTC,2002149733,No_Player,66,911.9009,false
154,2021-03-12 08:00:00 UTC,2006985659,MCPO_Jenkins,67,911.4933,false
154,2021-03-12 08:00:00 UTC,2000247934,Rx_782,68,910.488,false
154,2021-03-12 08:00:00 UTC,2018679773,joeattora_98,69,907.7011,false
154,2021-03-12 08:00:00 UTC,2004316640,timo1234100,70,906.4881,false
154,2021-03-12 08:00:00 UTC,2015972644,Sm1thy,71,905.425,false
154,2021-03-12 08:00:00 UTC,2018717708,__Bluey__,72,902.0852,false
154,2021-03-12 08:00:00 UTC,2005965818,XpiQ,73,898.3612,false
154,2021-03-12 08:00:00 UTC,2000557049,Napalmer,74,888.6153,false
154,2021-03-12 08:00:00 UTC,2000565777,Captain_Cows,75,882.2232,false
154,2021-03-12 08:00:00 UTC,2018850876,SpectraX,76,876.7092,false
154,2021-03-12 08:00:00 UTC,2003983968,bbotjr,77,874.8265,false
154,2021-03-12 08:00:00 UTC,2014554965,nev3r,78,874.1425,false
154,2021-03-12 08:00:00 UTC,2000598618,The_Big_M,79,873.3708,false
154,2021-03-12 08:00:00 UTC,2018332624,SaxonOrrick,80,871.9075,false
154,2021-03-12 08:00:00 UTC,2018346329,Tip_Toe_,81,864.0091,false
154,2021-03-12 08:00:00 UTC,2017585265,Yashu_Somu,82,857.3174,false
154,2021-03-12 08:00:00 UTC,2016201679,hans_bring_flammenwerfer,83,853.5365,false
154,2021-03-12 08:00:00 UTC,2018364806,Fluffy_Bunny_,84,848.9851,false
154,2021-03-12 08:00:00 UTC,2000541684,Dead_Wilso,85,847.5677,false
154,2021-03-12 08:00:00 UTC,2000195186,Omzk1,86,846.705,false
154,2021-03-12 08:00:00 UTC,2005501235,fonzi7850042,87,840.4356,false
154,2021-03-12 08:00:00 UTC,2003272109,CowabungaRavvi,88,839.6884,false
154,2021-03-12 08:00:00 UTC,2018749378,Expazz,89,835.7846,false
154,2021-03-12 08:00:00 UTC,2000643820,Vondle,90,832.7774,false
154,2021-03-12 08:00:00 UTC,2018404239,Kiwi_Dynamite,91,831.0727,false
154,2021-03-12 08:00:00 UTC,2001395426,Slim375,92,821.429,false
154,2021-03-12 08:00:00 UTC,2000248998,kovacs,93,818.1656,false
154,2021-03-12 08:00:00 UTC,2017284345,H1rador,94,811.862,false
154,2021-03-12 08:00:00 UTC,2001764112,Gardyy,95,811.1061,false
154,2021-03-12 08:00:00 UTC,2018328304,Chipmunk0007,96,807.7756,false
154,2021-03-12 08:00:00 UTC,2003266787,Kingswood,97,804.4212,false
154,2021-03-12 08:00:00 UTC,2016609157,quirkyturtle86,98,803.0836,false
154,2021-03-12 08:00:00 UTC,2002916035,nas_noil,99,796.6665,false
154,2021-03-12 08:00:00 UTC,2018325158,NoahGrey,100,789.0535,false
154,2021-03-12 08:00:00 UTC,2000549441,AshAngel,101,770.5483,false
154,2021-03-12 08:00:00 UTC,2018399288,MeowMeowMan,102,770.0859,false
154,2021-03-12 08:00:00 UTC,2003685297,North_Syndy_Sentinels,103,760.2652,false
154,2021-03-12 08:00:00 UTC,2018324319,Benny_The_Bot,104,758.489,false
154,2021-03-12 08:00:00 UTC,2000005704,PlusZero,105,758.1783,false
154,2021-03-12 08:00:00 UTC,1000040901,Unknown0ne,106,757.3917,false
154,2021-03-12 08:00:00 UTC,2006903947,_LostThePlot_,107,753.9877,false
154,2021-03-12 08:00:00 UTC,2010818693,Dieselnuts,108,751.1043,false
154,2021-03-12 08:00:00 UTC,2015558607,oinky_fun,109,733.2247,false
154,2021-03-12 08:00:00 UTC,2019771467,ukmarkoz,110,732.5916,false
154,2021-03-12 08:00:00 UTC,2000028437,Snafu,111,727.9708,false
154,2021-03-12 08:00:00 UTC,2000609560,SheepNZ,112,726.2818,false
154,2021-03-12 08:00:00 UTC,2002327967,randomizd,113,723.4161,false
154,2021-03-12 08:00:00 UTC,2022298822,MarleyNZ,114,698.8408,false
154,2021-03-12 08:00:00 UTC,2003483692,gasbubble,115,671.4023,false
154,2021-03-12 08:00:00 UTC,2003867737,MINE_TURTLE1234,116,659.1005,false
154,2021-03-12 08:00:00 UTC,2012722936,luchs101,117,642.3777,false
154,2021-03-12 08:00:00 UTC,2023734034,Destroyedbyme1,118,634.9312,false
154,2021-03-12 08:00:00 UTC,2002047519,Bosnitch,119,623.6498,false
154,2021-03-12 08:00:00 UTC,2017078270,JeyTheDestroyer,120,614.1745,false
154,2021-03-12 08:00:00 UTC,2026816280,Biman_ELITE,121,599.273,false
154,2021-03-12 08:00:00 UTC,2016629688,Tullo_The_Terrible,122,596.2973,false
154,2021-03-12 08:00:00 UTC,2002168717,Din_Djarin,123,518.5437,false
154,2021-03-12 08:00:00 UTC,2005527548,Nikorai_Kago,124,462.0046,false
154,2021-03-12 08:00:00 UTC,2002425286,aeris_uchiha,125,388.1522,false
154,2021-03-12 08:00:00 UTC,2006308412,Toxavo,126,321.4785,false
154,2021-03-12 08:00:00 UTC,2000048715,Ajidmech,127,312.2113,false
154,2021-03-12 08:00:00 UTC,2000297086,_ExGuerilla_Warfare_Col,128,292.8502,false
154,2021-03-12 08:00:00 UTC,2002035982,LithiumTwitch,129,270.5957,false
154,2021-03-12 08:00:00 UTC,2013509278,snappo,130,251.4345,false
154,2021-03-12 08:00:00 UTC,2026284287,name_violation2026284287,131,204.241,false
154,2021-03-12 08:00:00 UTC,2024627739,Summer_Cola,132,59.6895,false
154,2021-03-12 08:00:00 UTC,2031072217,swagerzmagee322,133,0.0,false
155,2021-03-19 08:00:00 UTC,2008666381,sammie_2015,1,1213.9414,false
155,2021-03-19 08:00:00 UTC,2016989252,Pp_Power,1,1213.9414,false
155,2021-03-19 08:00:00 UTC,2021708403,TheMandalorian,3,1156.7736,false
155,2021-03-19 08:00:00 UTC,2001428029,Tickle_Monster,4,1143.7299,false
155,2021-03-19 08:00:00 UTC,2014085654,CelestiaLudenberg,5,1135.7989,false
155,2021-03-19 08:00:00 UTC,2004316640,timo1234100,5,1135.7989,false
155,2021-03-19 08:00:00 UTC,2018328096,Dark_ANZPL4,5,1135.7989,false
155,2021-03-19 08:00:00 UTC,2003348735,Hotrodcoupe12,8,1129.2069,false
155,2021-03-19 08:00:00 UTC,2004703294,_DONGERLORD_,9,1117.6872,false
155,2021-03-19 08:00:00 UTC,2001954209,LeSigh,10,1115.9898,false
155,2021-03-19 08:00:00 UTC,2003016904,ScoMo_at_Engadine_Maccas,11,1092.3423,false
155,2021-03-19 08:00:00 UTC,2005780579,Doomseeker,12,1086.9817,false
155,2021-03-19 08:00:00 UTC,2001935959,Buff_Hamster,12,1086.9817,false
155,2021-03-19 08:00:00 UTC,2007764393,gloster173,14,1081.7518,false
155,2021-03-19 08:00:00 UTC,2016201679,hans_bring_flammenwerfer,15,1076.994,false
155,2021-03-19 08:00:00 UTC,2011426416,DG_ToasteD,16,1068.5781,false
155,2021-03-19 08:00:00 UTC,2000247934,Rx_782,17,1067.3459,false
155,2021-03-19 08:00:00 UTC,2001812642,Inn0e,17,1067.3459,false
155,2021-03-19 08:00:00 UTC,2018749378,Expazz,19,1056.0318,false
155,2021-03-19 08:00:00 UTC,2018399288,MeowMeowMan,20,1051.8737,false
155,2021-03-19 08:00:00 UTC,2001257866,Bones882,21,1048.2722,false
155,2021-03-19 08:00:00 UTC,2006767749,Akari_o7,22,1039.823,false
155,2021-03-19 08:00:00 UTC,2002640736,stewiejp,23,1032.4829,false
155,2021-03-19 08:00:00 UTC,2002613229,Buddypal,24,1029.8139,false
155,2021-03-19 08:00:00 UTC,2000248998,kovacs,25,1026.3869,false
155,2021-03-19 08:00:00 UTC,2000541684,Dead_Wilso,26,1010.1781,false
155,2021-03-19 08:00:00 UTC,2003632377,DarthCavalier,26,1010.1781,false
155,2021-03-19 08:00:00 UTC,2001360923,kies0999,26,1010.1781,false
155,2021-03-19 08:00:00 UTC,2000557049,Napalmer,26,1010.1781,false
155,2021-03-19 08:00:00 UTC,2000000419,_SIayer,30,1009.3014,false
155,2021-03-19 08:00:00 UTC,2000452409,SeeGaul98,31,1009.0106,false
155,2021-03-19 08:00:00 UTC,2000240907,Fadey,32,1004.8175,false
155,2021-03-19 08:00:00 UTC,1001255155,chase_no_cinco,33,998.3663,false
155,2021-03-19 08:00:00 UTC,2022298822,MarleyNZ,34,994.564,false
155,2021-03-19 08:00:00 UTC,2023799441,A_Raspberry_Flavoured_,35,994.0537,false
155,2021-03-19 08:00:00 UTC,2024009942,_Thake,36,991.1044,false
155,2021-03-19 08:00:00 UTC,2013512572,CynicalSilicon,37,987.938,false
155,2021-03-19 08:00:00 UTC,2006390695,Lavawar,38,984.384,false
155,2021-03-19 08:00:00 UTC,2014554965,nev3r,39,981.3321,false
155,2021-03-19 08:00:00 UTC,2005573310,JS_,40,980.3397,false
155,2021-03-19 08:00:00 UTC,2017284345,H1rador,41,976.0618,false
155,2021-03-19 08:00:00 UTC,2028476220,wotrtl0916,42,973.3814,false
155,2021-03-19 08:00:00 UTC,2015504387,Prophet_Grimmy_CjHellcat,43,972.5183,false
155,2021-03-19 08:00:00 UTC,2018850876,SpectraX,44,970.5819,false
155,2021-03-19 08:00:00 UTC,2018338956,RowendyTheTwoTime,45,965.0761,false
155,2021-03-19 08:00:00 UTC,2003272109,CowabungaRavvi,46,957.4611,false
155,2021-03-19 08:00:00 UTC,2010845029,Tiger_Snake_101,47,951.8428,false
155,2021-03-19 08:00:00 UTC,2000531345,Yawn1n9,48,950.7291,false
155,2021-03-19 08:00:00 UTC,2003714752,I_NEED_ABOUT_TREE_,49,946.979,false
155,2021-03-19 08:00:00 UTC,2000565777,Captain_Cows,50,939.9666,false
155,2021-03-19 08:00:00 UTC,2003839594,The_AuzziGamer,51,934.9398,false
155,2021-03-19 08:00:00 UTC,2018385719,Maui_the_demigod,52,926.8464,false
155,2021-03-19 08:00:00 UTC,2000643820,Vondle,53,926.6731,false
155,2021-03-19 08:00:00 UTC,2016609157,quirkyturtle86,54,924.7815,false
155,2021-03-19 08:00:00 UTC,2016842462,isaak34,55,921.9826,false
155,2021-03-19 08:00:00 UTC,2001764112,Gardyy,56,917.7265,false
155,2021-03-19 08:00:00 UTC,2027194451,haha_yes,57,915.4841,false
155,2021-03-19 08:00:00 UTC,2030993170,Str8JaktJim_,58,914.1842,false
155,2021-03-19 08:00:00 UTC,2001884089,RainbowAssassin,59,911.9575,false
155,2021-03-19 08:00:00 UTC,2018658600,Twit_,60,909.0811,false
155,2021-03-19 08:00:00 UTC,2002050020,LightningMan,61,906.5969,false
155,2021-03-19 08:00:00 UTC,2019844669,MasterChief_1,62,885.8874,false
155,2021-03-19 08:00:00 UTC,2005775629,Ziggy_Bravo_27,62,885.8874,false
155,2021-03-19 08:00:00 UTC,2000048715,Ajidmech,62,885.8874,false
155,2021-03-19 08:00:00 UTC,2010818693,Dieselnuts,62,885.8874,false
155,2021-03-19 08:00:00 UTC,2003867737,MINE_TURTLE1234,66,885.6457,false
155,2021-03-19 08:00:00 UTC,2003459402,iamvqb,67,878.6269,false
155,2021-03-19 08:00:00 UTC,2018159991,JayRated,68,874.0756,false
155,2021-03-19 08:00:00 UTC,2013338869,Trina_Made_It,69,866.7079,false
155,2021-03-19 08:00:00 UTC,2000377005,BananaWeewa,70,864.3815,false
155,2021-03-19 08:00:00 UTC,2031488551,Taylor_Barnett,71,854.5507,false
155,2021-03-19 08:00:00 UTC,2000670266,LeChippy,72,844.5089,false
155,2021-03-19 08:00:00 UTC,2004085542,Elfishguy11,73,842.0794,false
155,2021-03-19 08:00:00 UTC,2000195186,Omzk1,74,834.8731,false
155,2021-03-19 08:00:00 UTC,2000768495,crazib,75,826.6065,false
155,2021-03-19 08:00:00 UTC,2001328673,Jordy,76,820.4472,false
155,2021-03-19 08:00:00 UTC,2018332624,SaxonOrrick,77,810.0316,false
155,2021-03-19 08:00:00 UTC,2000598618,The_Big_M,78,794.7261,false
155,2021-03-19 08:00:00 UTC,2017703841,KaRathCS,79,774.1116,false
155,2021-03-19 08:00:00 UTC,2001438825,cjhunt2001,80,769.8523,false
155,2021-03-19 08:00:00 UTC,2002327967,randomizd,81,736.2926,false
155,2021-03-19 08:00:00 UTC,2009717461,PhantomSweet,82,723.3449,false
155,2021-03-19 08:00:00 UTC,2000000174,Conan,83,715.3741,false
155,2021-03-19 08:00:00 UTC,2002216654,BucketM0nkey,84,710.3613,false
155,2021-03-19 08:00:00 UTC,2002740285,puelhem,85,710.1629,false
155,2021-03-19 08:00:00 UTC,2003685297,North_Syndy_Sentinels,86,701.9093,false
155,2021-03-19 08:00:00 UTC,2002916035,nas_noil,87,690.3853,false
155,2021-03-19 08:00:00 UTC,2002047519,Bosnitch,88,676.7548,false
155,2021-03-19 08:00:00 UTC,2005965818,XpiQ,89,636.8883,false
155,2021-03-19 08:00:00 UTC,2001747230,Profanisaurus,90,534.5864,false
156,2021-03-26 08:00:00 UTC,2000044718,Raptor555,1,1067.5565,false
156,2021-03-26 08:00:00 UTC,2022298822,MarleyNZ,2,1049.9291,false
156,2021-03-26 08:00:00 UTC,2005775629,Ziggy_Bravo_27,3,1018.9391,false
156,2021-03-26 08:00:00 UTC,2013338869,Trina_Made_It,3,1018.9391,false
156,2021-03-26 08:00:00 UTC,2018850876,SpectraX,5,1018.8083,false
156,2021-03-26 08:00:00 UTC,2016201679,hans_bring_flammenwerfer,6,1004.6324,false
156,2021-03-26 08:00:00 UTC,2014085654,CelestiaLudenberg,7,992.5401,false
156,2021-03-26 08:00:00 UTC,2003647964,SandManAU,8,985.416,false
156,2021-03-26 08:00:00 UTC,2005965818,XpiQ,9,985.2347,false
156,2021-03-26 08:00:00 UTC,2000598618,The_Big_M,10,983.1853,false
156,2021-03-26 08:00:00 UTC,2001257866,Bones882,11,978.33,false
156,2021-03-26 08:00:00 UTC,2003632377,DarthCavalier,12,972.8248,false
156,2021-03-26 08:00:00 UTC,2000250363,piotra71,12,972.8248,false
156,2021-03-26 08:00:00 UTC,2000670266,LeChippy,12,972.8248,false
156,2021-03-26 08:00:00 UTC,2000248998,kovacs,12,972.8248,false
156,2021-03-26 08:00:00 UTC,2017078270,JeyTheDestroyer,12,972.8248,false
156,2021-03-26 08:00:00 UTC,2004703294,_DONGERLORD_,12,972.8248,false
156,2021-03-26 08:00:00 UTC,2000541684,Dead_Wilso,12,972.8248,false
156,2021-03-26 08:00:00 UTC,2010845029,Tiger_Snake_101,12,972.8248,false
156,2021-03-26 08:00:00 UTC,2001360923,kies0999,12,972.8248,false
156,2021-03-26 08:00:00 UTC,2001428029,Tickle_Monster,12,972.8248,false
156,2021-03-26 08:00:00 UTC,2008666381,sammie_2015,12,972.8248,false
156,2021-03-26 08:00:00 UTC,2007764393,gloster173,12,972.8248,false
156,2021-03-26 08:00:00 UTC,2013512572,CynicalSilicon,24,970.5137,false
156,2021-03-26 08:00:00 UTC,2000557049,Napalmer,24,970.5137,false
156,2021-03-26 08:00:00 UTC,2005573310,JS_,26,969.5037,false
156,2021-03-26 08:00:00 UTC,2006308412,Toxavo,27,969.2174,false
156,2021-03-26 08:00:00 UTC,2018338956,RowendyTheTwoTime,28,966.4221,false
156,2021-03-26 08:00:00 UTC,2000643820,Vondle,28,966.4221,false
156,2021-03-26 08:00:00 UTC,2000377005,BananaWeewa,30,963.3152,false
156,2021-03-26 08:00:00 UTC,2001659726,CandleSaul,31,958.6822,false
156,2021-03-26 08:00:00 UTC,2021708403,TheMandalorian,32,958.52,false
156,2021-03-26 08:00:00 UTC,2016989252,Pp_Power,32,958.52,false
156,2021-03-26 08:00:00 UTC,2000452409,SeeGaul98,32,958.52,false
156,2021-03-26 08:00:00 UTC,2030993170,Str8JaktJim_,35,953.887,false
156,2021-03-26 08:00:00 UTC,2018159991,JayRated,36,950.7037,false
156,2021-03-26 08:00:00 UTC,1001255155,chase_no_cinco,36,950.7037,false
156,2021-03-26 08:00:00 UTC,2000195186,Omzk1,36,950.7037,false
156,2021-03-26 08:00:00 UTC,2001747230,Profanisaurus,39,948.7438,false
156,2021-03-26 08:00:00 UTC,2003272109,CowabungaRavvi,40,938.7474,false
156,2021-03-26 08:00:00 UTC,2002327967,randomizd,41,937.4815,false
156,2021-03-26 08:00:00 UTC,2017703841,KaRathCS,42,936.2534,false
156,2021-03-26 08:00:00 UTC,2002640736,stewiejp,43,932.6572,false
156,2021-03-26 08:00:00 UTC,2005780579,Doomseeker,44,921.8402,false
156,2021-03-26 08:00:00 UTC,2001438825,cjhunt2001,45,917.6321,false
156,2021-03-26 08:00:00 UTC,2016842462,isaak34,46,914.9499,false
156,2021-03-26 08:00:00 UTC,2001954209,LeSigh,47,914.6665,false
156,2021-03-26 08:00:00 UTC,2004085542,Elfishguy11,48,913.2539,false
156,2021-03-26 08:00:00 UTC,2000240907,Fadey,49,906.7644,false
156,2021-03-26 08:00:00 UTC,2028476220,wotrtl0916,50,902.1314,false
156,2021-03-26 08:00:00 UTC,2018328304,Chipmunk0007,51,900.7188,false
156,2021-03-26 08:00:00 UTC,2018328096,Dark_ANZPL4,52,895.9774,false
156,2021-03-26 08:00:00 UTC,2017284345,H1rador,53,884.8055,false
156,2021-03-26 08:00:00 UTC,2002613229,Buddypal,54,884.6433,false
156,2021-03-26 08:00:00 UTC,2014554965,nev3r,54,884.6433,false
156,2021-03-26 08:00:00 UTC,2016609157,quirkyturtle86,56,879.8593,false
156,2021-03-26 08:00:00 UTC,2011426416,DG_ToasteD,57,875.428,false
156,2021-03-26 08:00:00 UTC,2018404239,Kiwi_Dynamite,58,871.4339,false
156,2021-03-26 08:00:00 UTC,2018399288,MeowMeowMan,59,848.655,false
156,2021-03-26 08:00:00 UTC,2004316640,timo1234100,60,843.3305,false
156,2021-03-26 08:00:00 UTC,2003839594,The_AuzziGamer,61,841.3631,false
156,2021-03-26 08:00:00 UTC,2018658600,Twit_,62,837.6193,false
156,2021-03-26 08:00:00 UTC,2001328673,Jordy,63,826.5852,false
156,2021-03-26 08:00:00 UTC,2000600939,Longlight,64,804.4011,false
156,2021-03-26 08:00:00 UTC,2001884089,RainbowAssassin,65,775.2042,false
156,2021-03-26 08:00:00 UTC,2002046057,_0reos_,66,759.3029,false
156,2021-03-26 08:00:00 UTC,2023799441,A_Raspberry_Flavoured_,67,711.9107,false
156,2021-03-26 08:00:00 UTC,2003459402,iamvqb,68,706.7004,false
156,2021-03-26 08:00:00 UTC,2003266787,Kingswood,69,615.4064,false
156,2021-03-26 08:00:00 UTC,2027779112,ahmadcourt2,70,236.3783,false
156,2021-03-26 08:00:00 UTC,2002902410,CrowzerllSMAll,71,229.0161,false
156,2021-03-26 08:00:00 UTC,2031547710,Nam_Nguyen_686,72,165.6739,false
157,2021-04-09 08:00:00 UTC,2016989252,Pp_Power,1,1079.954,false
157,2021-04-09 08:00:00 UTC,2001428029,Tickle_Monster,1,1079.954,false
157,2021-04-09 08:00:00 UTC,2002640736,stewiejp,3,1070.8409,false
157,2021-04-09 08:00:00 UTC,2018385719,Maui_the_demigod,4,1068.2282,false
157,2021-04-09 08:00:00 UTC,2002046057,_0reos_,5,1053.227,false
157,2021-04-09 08:00:00 UTC,2000377005,BananaWeewa,6,1049.4858,false
157,2021-04-09 08:00:00 UTC,2000452409,SeeGaul98,6,1049.4858,false
157,2021-04-09 08:00:00 UTC,2017703841,KaRathCS,8,1040.7079,false
157,2021-04-09 08:00:00 UTC,2000557049,Napalmer,9,1038.7075,false
157,2021-04-09 08:00:00 UTC,2001884089,RainbowAssassin,10,1032.5675,false
157,2021-04-09 08:00:00 UTC,2018338956,RowendyTheTwoTime,11,1030.2479,false
157,2021-04-09 08:00:00 UTC,2008666381,sammie_2015,12,1019.5246,false
157,2021-04-09 08:00:00 UTC,2023799441,A_Raspberry_Flavoured_,12,1019.5246,false
157,2021-04-09 08:00:00 UTC,2000028437,Snafu,12,1019.5246,false
157,2021-04-09 08:00:00 UTC,2000240907,Fadey,12,1019.5246,false
157,2021-04-09 08:00:00 UTC,2000248998,kovacs,12,1019.5246,false
157,2021-04-09 08:00:00 UTC,2018328304,Chipmunk0007,12,1019.5246,false
157,2021-04-09 08:00:00 UTC,2018328096,Dark_ANZPL4,12,1019.5246,false
157,2021-04-09 08:00:00 UTC,2002422196,BoLap,12,1019.5246,false
157,2021-04-09 08:00:00 UTC,2003632377,DarthCavalier,12,1019.5246,false
157,2021-04-09 08:00:00 UTC,2016201679,hans_bring_flammenwerfer,12,1019.5246,false
157,2021-04-09 08:00:00 UTC,2015504387,Prophet_Grimmy_CjHellcat,12,1019.5246,false
157,2021-04-09 08:00:00 UTC,2004703294,_DONGERLORD_,12,1019.5246,false
157,2021-04-09 08:00:00 UTC,2010845029,Tiger_Snake_101,12,1019.5246,false
157,2021-04-09 08:00:00 UTC,2005775629,Ziggy_Bravo_27,12,1019.5246,false
157,2021-04-09 08:00:00 UTC,2001659726,CandleSaul,26,1014.8764,false
157,2021-04-09 08:00:00 UTC,2004085542,Elfishguy11,27,1013.7111,false
157,2021-04-09 08:00:00 UTC,2001438825,cjhunt2001,28,1013.3783,false
157,2021-04-09 08:00:00 UTC,2016842462,isaak34,29,1010.9064,false
157,2021-04-09 08:00:00 UTC,2000195186,Omzk1,29,1010.9064,false
157,2021-04-09 08:00:00 UTC,2000670266,LeChippy,29,1010.9064,false
157,2021-04-09 08:00:00 UTC,2001954209,LeSigh,29,1010.9064,false
157,2021-04-09 08:00:00 UTC,2001747230,Profanisaurus,33,991.1074,false
157,2021-04-09 08:00:00 UTC,2000643820,Vondle,34,988.3893,false
157,2021-04-09 08:00:00 UTC,2021708403,TheMandalorian,35,983.912,false
157,2021-04-09 08:00:00 UTC,2021433075,Solanis,35,983.912,false
157,2021-04-09 08:00:00 UTC,2018399288,MeowMeowMan,37,983.4171,false
157,2021-04-09 08:00:00 UTC,2002740285,puelhem,38,978.8715,false
157,2021-04-09 08:00:00 UTC,2002327967,randomizd,39,977.8147,false
157,2021-04-09 08:00:00 UTC,2001360923,kies0999,40,976.0019,false
157,2021-04-09 08:00:00 UTC,2018658600,Twit_,41,968.6547,false
157,2021-04-09 08:00:00 UTC,2002613229,Buddypal,42,962.9825,false
157,2021-04-09 08:00:00 UTC,2013512572,CynicalSilicon,43,962.5674,false
157,2021-04-09 08:00:00 UTC,2003016904,ScoMo_at_Engadine_Maccas,44,960.0666,false
157,2021-04-09 08:00:00 UTC,2022298822,MarleyNZ,45,959.5722,false
157,2021-04-09 08:00:00 UTC,2001328673,Jordy,46,947.006,false
157,2021-04-09 08:00:00 UTC,2001257866,Bones882,47,945.8288,false
157,2021-04-09 08:00:00 UTC,2007764393,gloster173,47,945.8288,false
157,2021-04-09 08:00:00 UTC,2017284345,H1rador,49,944.085,false
157,2021-04-09 08:00:00 UTC,2024627739,Summer_Cola,50,940.2921,false
157,2021-04-09 08:00:00 UTC,2013338869,Trina_Made_It,51,937.4225,false
157,2021-04-09 08:00:00 UTC,2018159991,JayRated,51,937.4225,false
157,2021-04-09 08:00:00 UTC,2000044718,Raptor555,53,931.5508,false
157,2021-04-09 08:00:00 UTC,2000598618,The_Big_M,54,927.2376,false
157,2021-04-09 08:00:00 UTC,2005780579,Doomseeker,55,924.5766,false
157,2021-04-09 08:00:00 UTC,2014554965,nev3r,56,922.8857,false
157,2021-04-09 08:00:00 UTC,2005965818,XpiQ,57,921.0422,false
157,2021-04-09 08:00:00 UTC,2018404239,Kiwi_Dynamite,58,917.7667,false
157,2021-04-09 08:00:00 UTC,2005573310,JS_,59,909.6067,false
157,2021-04-09 08:00:00 UTC,2003647964,SandManAU,60,907.6819,false
157,2021-04-09 08:00:00 UTC,1001255155,chase_no_cinco,61,904.6795,false
157,2021-04-09 08:00:00 UTC,2004316640,timo1234100,62,894.6154,false
157,2021-04-09 08:00:00 UTC,2018850876,SpectraX,63,888.9579,false
157,2021-04-09 08:00:00 UTC,2030993170,Str8JaktJim_,64,872.7553,false
157,2021-04-09 08:00:00 UTC,2000660009,Tonywhatsyourname,65,864.8466,false
157,2021-04-09 08:00:00 UTC,2003015904,Stephen_1987,66,851.0927,false
157,2021-04-09 08:00:00 UTC,1008379236,Durer_USSR,67,849.1637,false
157,2021-04-09 08:00:00 UTC,2002216654,BucketM0nkey,68,541.0304,false
157,2021-04-09 08:00:00 UTC,2021698063,o0_Soldiers_0o,69,94.8142,false
158,2021-04-16 08:00:00 UTC,2018404239,Kiwi_Dynamite,1,1344.6305,false
158,2021-04-16 08:00:00 UTC,2005573310,JS_,2,1273.8641,false
158,2021-04-16 08:00:00 UTC,2030993170,Str8JaktJim_,3,1255.8549,false
158,2021-04-16 08:00:00 UTC,2018338956,RowendyTheTwoTime,4,1251.6467,false
158,2021-04-16 08:00:00 UTC,2005965818,XpiQ,5,1234.879,false
158,2021-04-16 08:00:00 UTC,2018850876,SpectraX,6,1223.7466,false
158,2021-04-16 08:00:00 UTC,2014554965,nev3r,7,1169.5688,false
158,2021-04-16 08:00:00 UTC,2017703841,KaRathCS,8,1151.9469,false
158,2021-04-16 08:00:00 UTC,2010845029,Tiger_Snake_101,9,1135.9416,false
158,2021-04-16 08:00:00 UTC,2000377005,BananaWeewa,10,1132.029,false
158,2021-04-16 08:00:00 UTC,2003632377,DarthCavalier,11,1120.569,false
158,2021-04-16 08:00:00 UTC,2000557049,Napalmer,12,1116.3797,false
158,2021-04-16 08:00:00 UTC,2018159991,JayRated,13,1111.9859,false
158,2021-04-16 08:00:00 UTC,2005780579,Doomseeker,14,1104.7186,false
158,2021-04-16 08:00:00 UTC,2018658600,Twit_,15,1104.5394,false
158,2021-04-16 08:00:00 UTC,2013512572,CynicalSilicon,16,1079.8116,false
158,2021-04-16 08:00:00 UTC,2004085542,Elfishguy11,17,1071.2029,false
158,2021-04-16 08:00:00 UTC,2000003467,iksta101_aishrama,18,1065.4425,false
158,2021-04-16 08:00:00 UTC,2004703294,_DONGERLORD_,18,1065.4425,false
158,2021-04-16 08:00:00 UTC,2001438825,cjhunt2001,18,1065.4425,false
158,2021-04-16 08:00:00 UTC,2018717708,__Bluey__,18,1065.4425,false
158,2021-04-16 08:00:00 UTC,2000452409,SeeGaul98,18,1065.4425,false
158,2021-04-16 08:00:00 UTC,2000250363,piotra71,18,1065.4425,false
158,2021-04-16 08:00:00 UTC,2008666381,sammie_2015,18,1065.4425,false
158,2021-04-16 08:00:00 UTC,2006767749,Akari_o7,18,1065.4425,false
158,2021-04-16 08:00:00 UTC,2019844669,MasterChief_1,18,1065.4425,false
158,2021-04-16 08:00:00 UTC,2021708403,TheMandalorian,18,1065.4425,false
158,2021-04-16 08:00:00 UTC,2005775629,Ziggy_Bravo_27,18,1065.4425,false
158,2021-04-16 08:00:00 UTC,2000195186,Omzk1,18,1065.4425,false
158,2021-04-16 08:00:00 UTC,2002425286,aeris_uchiha,30,1050.8583,false
158,2021-04-16 08:00:00 UTC,2001428029,Tickle_Monster,31,1046.2504,false
158,2021-04-16 08:00:00 UTC,2002613229,Buddypal,32,1042.8328,false
158,2021-04-16 08:00:00 UTC,2016989252,Pp_Power,33,1042.7423,false
158,2021-04-16 08:00:00 UTC,2000643820,Vondle,33,1042.7423,false
158,2021-04-16 08:00:00 UTC,2003016904,ScoMo_at_Engadine_Maccas,33,1042.7423,false
158,2021-04-16 08:00:00 UTC,2003272109,CowabungaRavvi,36,1033.8273,false
158,2021-04-16 08:00:00 UTC,2000598618,The_Big_M,37,1032.6207,false
158,2021-04-16 08:00:00 UTC,1001255155,chase_no_cinco,38,1027.3697,false
158,2021-04-16 08:00:00 UTC,2002050020,LightningMan,39,1012.8268,false
158,2021-04-16 08:00:00 UTC,2022298822,MarleyNZ,40,1006.5609,false
158,2021-04-16 08:00:00 UTC,2003015904,Stephen_1987,41,992.45,false
158,2021-04-16 08:00:00 UTC,2003599228,TheBeyonder,42,985.2457,false
158,2021-04-16 08:00:00 UTC,2003647964,SandManAU,43,970.8266,false
158,2021-04-16 08:00:00 UTC,2001360923,kies0999,44,970.13,false
158,2021-04-16 08:00:00 UTC,1008379236,Durer_USSR,45,948.6003,false
158,2021-04-16 08:00:00 UTC,2001747230,Profanisaurus,46,937.3472,false
158,2021-04-16 08:00:00 UTC,2007764393,gloster173,47,920.4475,false
158,2021-04-16 08:00:00 UTC,2017425654,kailash1,48,912.9502,false
158,2021-04-16 08:00:00 UTC,2013338869,Trina_Made_It,49,911.995,false
158,2021-04-16 08:00:00 UTC,2001328673,Jordy,50,894.6385,false
158,2021-04-16 08:00:00 UTC,2016842462,isaak34,51,881.0622,false
158,2021-04-16 08:00:00 UTC,2004316640,timo1234100,51,881.0622,false
158,2021-04-16 08:00:00 UTC,2000248998,kovacs,51,881.0622,false
158,2021-04-16 08:00:00 UTC,2001954209,LeSigh,54,855.3949,false
158,2021-04-16 08:00:00 UTC,2000240907,Fadey,55,849.6902,false
158,2021-04-16 08:00:00 UTC,2001764112,Gardyy,56,847.9577,false
158,2021-04-16 08:00:00 UTC,2001659726,CandleSaul,57,842.5655,false
158,2021-04-16 08:00:00 UTC,2002640736,stewiejp,57,842.5655,false
158,2021-04-16 08:00:00 UTC,2002046057,_0reos_,59,833.2108,false
158,2021-04-16 08:00:00 UTC,2018328304,Chipmunk0007,60,826.99,false
158,2021-04-16 08:00:00 UTC,2002327967,randomizd,61,792.4389,false
158,2021-04-16 08:00:00 UTC,2018328096,Dark_ANZPL4,62,770.6814,false
158,2021-04-16 08:00:00 UTC,2016201679,hans_bring_flammenwerfer,63,752.7511,false
158,2021-04-16 08:00:00 UTC,2019488005,Abu_Ghifaari,64,694.5759,false
158,2021-04-16 08:00:00 UTC,2009962651,Wolfwood_Warriors,65,552.9321,false
159,2021-04-23 08:00:00 UTC,2002640736,stewiejp,1,1143.8003,false
159,2021-04-23 08:00:00 UTC,2000557049,Napalmer,2,1138.0299,false
159,2021-04-23 08:00:00 UTC,2000643820,Vondle,3,1058.9158,false
159,2021-04-23 08:00:00 UTC,2001428029,Tickle_Monster,3,1058.9158,false
159,2021-04-23 08:00:00 UTC,2001659726,CandleSaul,5,1047.716,false
159,2021-04-23 08:00:00 UTC,2017284345,H1rador,6,1047.2978,false
159,2021-04-23 08:00:00 UTC,2005573310,JS_,7,1029.5294,false
159,2021-04-23 08:00:00 UTC,2017703841,KaRathCS,8,1009.7685,false
159,2021-04-23 08:00:00 UTC,2019488005,Abu_Ghifaari,9,1004.2211,false
159,2021-04-23 08:00:00 UTC,2001360923,kies0999,10,998.1222,false
159,2021-04-23 08:00:00 UTC,2018159991,JayRated,11,994.9246,false
159,2021-04-23 08:00:00 UTC,2013338869,Trina_Made_It,12,980.8656,false
159,2021-04-23 08:00:00 UTC,2016842462,isaak34,13,975.0952,false
159,2021-04-23 08:00:00 UTC,2004085542,Elfishguy11,14,975.0447,false
159,2021-04-23 08:00:00 UTC,2018338956,RowendyTheTwoTime,14,975.0447,false
159,2021-04-23 08:00:00 UTC,2000377005,BananaWeewa,16,961.5802,false
159,2021-04-23 08:00:00 UTC,2003015904,Stephen_1987,17,950.3804,false
159,2021-04-23 08:00:00 UTC,2003632377,DarthCavalier,18,933.3141,false
159,2021-04-23 08:00:00 UTC,2004316640,timo1234100,18,933.3141,false
159,2021-04-23 08:00:00 UTC,2000195186,Omzk1,18,933.3141,false
159,2021-04-23 08:00:00 UTC,2005775629,Ziggy_Bravo_27,18,933.3141,false
159,2021-04-23 08:00:00 UTC,2010845029,Tiger_Snake_101,18,933.3141,false
159,2021-04-23 08:00:00 UTC,2000248998,kovacs,18,933.3141,false
159,2021-04-23 08:00:00 UTC,2030796256,JawsOCE,18,933.3141,false
159,2021-04-23 08:00:00 UTC,2003016904,ScoMo_at_Engadine_Maccas,18,933.3141,false
159,2021-04-23 08:00:00 UTC,2018328096,Dark_ANZPL4,18,933.3141,false
159,2021-04-23 08:00:00 UTC,2000003467,iksta101_aishrama,18,933.3141,false
159,2021-04-23 08:00:00 UTC,2005780579,Doomseeker,28,929.6293,false
159,2021-04-23 08:00:00 UTC,2016201679,hans_bring_flammenwerfer,29,926.4257,false
159,2021-04-23 08:00:00 UTC,2002327967,randomizd,30,925.2984,false
159,2021-04-23 08:00:00 UTC,2030993170,Str8JaktJim_,31,891.6368,false
159,2021-04-23 08:00:00 UTC,2024627739,Summer_Cola,32,883.5841,false
159,2021-04-23 08:00:00 UTC,1001255155,chase_no_cinco,33,877.5026,false
159,2021-04-23 08:00:00 UTC,2021708403,TheMandalorian,34,869.5949,false
159,2021-04-23 08:00:00 UTC,2002613229,Buddypal,34,869.5949,false
159,2021-04-23 08:00:00 UTC,2001954209,LeSigh,36,865.9474,false
159,2021-04-23 08:00:00 UTC,2018404239,Kiwi_Dynamite,37,856.4069,false
159,2021-04-23 08:00:00 UTC,2000670266,LeChippy,38,854.8497,false
159,2021-04-23 08:00:00 UTC,2000240907,Fadey,39,848.4296,false
159,2021-04-23 08:00:00 UTC,2000452409,SeeGaul98,39,848.4296,false
159,2021-04-23 08:00:00 UTC,2008666381,sammie_2015,39,848.4296,false
159,2021-04-23 08:00:00 UTC,2007764393,gloster173,39,848.4296,false
159,2021-04-23 08:00:00 UTC,2013512572,CynicalSilicon,43,844.5292,false
159,2021-04-23 08:00:00 UTC,2018717708,__Bluey__,43,844.5292,false
159,2021-04-23 08:00:00 UTC,2018850876,SpectraX,45,824.8292,false
159,2021-04-23 08:00:00 UTC,2018328304,Chipmunk0007,46,824.502,false
159,2021-04-23 08:00:00 UTC,2001328673,Jordy,47,798.2908,false
159,2021-04-23 08:00:00 UTC,2016989252,Pp_Power,48,795.9102,false
159,2021-04-23 08:00:00 UTC,2014554965,nev3r,49,784.7104,false
159,2021-04-23 08:00:00 UTC,2020297444,rupro_,50,770.3794,false
160,2021-04-30 08:00:00 UTC,2014554965,nev3r,1,1178.5112,false
160,2021-04-30 08:00:00 UTC,2018404239,Kiwi_Dynamite,2,1156.1764,false
160,2021-04-30 08:00:00 UTC,2000003467,iksta101_aishrama,3,1151.5897,false
160,2021-04-30 08:00:00 UTC,2003647964,SandManAU,4,1145.5248,false
160,2021-04-30 08:00:00 UTC,2018159991,JayRated,5,1126.6952,false
160,2021-04-30 08:00:00 UTC,2000195186,Omzk1,5,1126.6952,false
160,2021-04-30 08:00:00 UTC,2021708403,TheMandalorian,5,1126.6952,false
160,2021-04-30 08:00:00 UTC,2018717708,__Bluey__,5,1126.6952,false
160,2021-04-30 08:00:00 UTC,2018328304,Chipmunk0007,5,1126.6952,false
160,2021-04-30 08:00:00 UTC,2018328096,Dark_ANZPL4,5,1126.6952,false
160,2021-04-30 08:00:00 UTC,2003632377,DarthCavalier,5,1126.6952,false
160,2021-04-30 08:00:00 UTC,2006767749,Akari_o7,5,1126.6952,false
160,2021-04-30 08:00:00 UTC,2002613229,Buddypal,5,1126.6952,false
160,2021-04-30 08:00:00 UTC,2005775629,Ziggy_Bravo_27,5,1126.6952,false
160,2021-04-30 08:00:00 UTC,2003016904,ScoMo_at_Engadine_Maccas,5,1126.6952,false
160,2021-04-30 08:00:00 UTC,2018658600,Twit_,16,1106.7998,false
160,2021-04-30 08:00:00 UTC,2020297444,rupro_,17,1103.5957,false
160,2021-04-30 08:00:00 UTC,2002640736,stewiejp,18,1090.0135,false
160,2021-04-30 08:00:00 UTC,2015504387,Prophet_Grimmy_CjHellcat,19,1080.8404,false
160,2021-04-30 08:00:00 UTC,2002327967,randomizd,20,1067.7719,false
160,2021-04-30 08:00:00 UTC,2000557049,Napalmer,21,1058.1337,false
160,2021-04-30 08:00:00 UTC,2004316640,timo1234100,22,1045.3635,false
160,2021-04-30 08:00:00 UTC,2013512572,CynicalSilicon,23,1041.4378,false
160,2021-04-30 08:00:00 UTC,2010845029,Tiger_Snake_101,24,1040.2194,false
160,2021-04-30 08:00:00 UTC,2013338869,Trina_Made_It,24,1040.2194,false
160,2021-04-30 08:00:00 UTC,2018338956,RowendyTheTwoTime,26,1023.0287,false
160,2021-04-30 08:00:00 UTC,2004085542,Elfishguy11,27,1019.0396,false
160,2021-04-30 08:00:00 UTC,2001360923,kies0999,28,1006.9439,false
160,2021-04-30 08:00:00 UTC,2000643820,Vondle,29,1003.204,false
160,2021-04-30 08:00:00 UTC,2001954209,LeSigh,29,1003.204,false
160,2021-04-30 08:00:00 UTC,2002740285,puelhem,31,998.6666,false
160,2021-04-30 08:00:00 UTC,2007764393,gloster173,32,988.1143,false
160,2021-04-30 08:00:00 UTC,2002046057,_0reos_,33,962.9549,false
160,2021-04-30 08:00:00 UTC,2000240907,Fadey,34,958.3682,false
160,2021-04-30 08:00:00 UTC,2000452409,SeeGaul98,34,958.3682,false
160,2021-04-30 08:00:00 UTC,2008666381,sammie_2015,34,958.3682,false
160,2021-04-30 08:00:00 UTC,2001428029,Tickle_Monster,37,947.6927,false
160,2021-04-30 08:00:00 UTC,2016989252,Pp_Power,38,933.7822,false
160,2021-04-30 08:00:00 UTC,2030993170,Str8JaktJim_,39,933.2352,false
160,2021-04-30 08:00:00 UTC,2003015904,Stephen_1987,40,933.1846,false
160,2021-04-30 08:00:00 UTC,2005573310,JS_,41,929.616,false
160,2021-04-30 08:00:00 UTC,2018850876,SpectraX,42,916.7099,false
160,2021-04-30 08:00:00 UTC,2016201679,hans_bring_flammenwerfer,43,916.4391,false
160,2021-04-30 08:00:00 UTC,2003599228,TheBeyonder,44,889.7884,false
160,2021-04-30 08:00:00 UTC,2002216654,BucketM0nkey,45,887.6866,false
160,2021-04-30 08:00:00 UTC,2000377005,BananaWeewa,46,884.9537,false
160,2021-04-30 08:00:00 UTC,2022298822,MarleyNZ,47,879.1787,false
160,2021-04-30 08:00:00 UTC,2024627739,Summer_Cola,48,871.8729,false
160,2021-04-30 08:00:00 UTC,1001255155,chase_no_cinco,49,849.3668,false
160,2021-04-30 08:00:00 UTC,2000598618,The_Big_M,49,849.3668,false
160,2021-04-30 08:00:00 UTC,2001438825,cjhunt2001,51,843.4433,false
160,2021-04-30 08:00:00 UTC,2017703841,KaRathCS,52,804.6627,false
160,2021-04-30 08:00:00 UTC,2001328673,Jordy,53,672.9415,false
