generated_at,2025-04-30 23:35:54 UTC

day_id,day_start_at,user_id,user_name,user_day_position,user_day_calculated_score,prizing_eligible
177,2021-09-25 00:30:00 UTC,1001806641,mereelskirata,1,1266.7579,true
177,2021-09-25 00:30:00 UTC,1002493006,Muscles1_CLLEGEND,2,1216.4849,false
177,2021-09-25 00:30:00 UTC,1003732466,DomoSapien,3,1172.4574,true
177,2021-09-25 00:30:00 UTC,1002642191,Edge_of_Insanity,4,1172.3844,true
177,2021-09-25 00:30:00 UTC,1001592565,Newtin,5,1139.1402,false
177,2021-09-25 00:30:00 UTC,1008372679,Seely1v29,6,1135.8796,true
177,2021-09-25 00:30:00 UTC,1029946384,BrutalPepega,7,1120.0869,true
177,2021-09-25 00:30:00 UTC,1005402881,DS_G4MER,8,1108.9362,true
177,2021-09-25 00:30:00 UTC,1000518069,fennec_,9,1106.8793,true
177,2021-09-25 00:30:00 UTC,1000437276,Inadequit,10,1092.8825,false
177,2021-09-25 00:30:00 UTC,1007688870,menegate,11,1078.3285,true
177,2021-09-25 00:30:00 UTC,1002797165,Fulcrous_really_heckin,12,1063.3433,true
177,2021-09-25 00:30:00 UTC,1010750898,Ruev__InsertANewIGN__,13,1062.4016,true
177,2021-09-25 00:30:00 UTC,1003882821,PM_Loves_Hoarce,14,1051.1188,false
177,2021-09-25 00:30:00 UTC,1003778789,hyvlarn,15,1047.128,true
177,2021-09-25 00:30:00 UTC,1003381330,1984BigBrother,16,1042.043,false
177,2021-09-25 00:30:00 UTC,1003889973,Kentucky_,17,1034.4616,false
177,2021-09-25 00:30:00 UTC,1002278436,_Tigr,18,1031.2843,true
177,2021-09-25 00:30:00 UTC,1036771081,_Tigr_ButNoChief,18,1031.2843,true
177,2021-09-25 00:30:00 UTC,1008468822,M3rcury,20,1028.8135,true
177,2021-09-25 00:30:00 UTC,1009011702,Chrlie,21,1025.7562,true
177,2021-09-25 00:30:00 UTC,1020695760,Timetosleep123,22,1023.8298,true
177,2021-09-25 00:30:00 UTC,1019033872,CrimsonRedLineSniper,23,1016.9318,true
177,2021-09-25 00:30:00 UTC,1028209260,Dark_RerollForHire,24,1013.5881,true
177,2021-09-25 00:30:00 UTC,1006494143,_WhiSeRack_,25,1013.1534,true
177,2021-09-25 00:30:00 UTC,1021450210,dart_monkey,26,1009.1351,true
177,2021-09-25 00:30:00 UTC,1004420660,Get_Clicked_On,27,1003.607,false
177,2021-09-25 00:30:00 UTC,1005621757,JonJon__BingChiLing,28,996.7431,true
177,2021-09-25 00:30:00 UTC,1006250724,NyxWGA,28,996.7431,false
177,2021-09-25 00:30:00 UTC,1002907634,ImMoreEpicThanYou,30,990.8974,true
177,2021-09-25 00:30:00 UTC,1002941835,Delta_Tinderthot,31,987.9165,true
177,2021-09-25 00:30:00 UTC,1026253618,JellyFishBob_,32,987.0078,true
177,2021-09-25 00:30:00 UTC,1013386391,Blurwashere,33,983.511,true
177,2021-09-25 00:30:00 UTC,1010656127,RZ2000,34,977.6898,true
177,2021-09-25 00:30:00 UTC,1001797247,707_horsepower,35,971.9545,true
177,2021-09-25 00:30:00 UTC,1003248048,UnknownRocket,36,956.1836,true
177,2021-09-25 00:30:00 UTC,1005451779,harrydeli_,37,948.6563,true
177,2021-09-25 00:30:00 UTC,1006140992,Nighty_Sporaddict,38,946.7135,true
177,2021-09-25 00:30:00 UTC,1012372881,potatoe_,38,946.7135,true
177,2021-09-25 00:30:00 UTC,1003482352,SmyleeRage,38,946.7135,false
177,2021-09-25 00:30:00 UTC,1011168560,Z_best_aroUwUnd,41,946.5963,false
177,2021-09-25 00:30:00 UTC,1001150459,BorgGoesBrrr,42,935.7063,true
177,2021-09-25 00:30:00 UTC,1002545548,Tokenark,43,933.3887,true
177,2021-09-25 00:30:00 UTC,1000986277,Bolt___Best_Dirt_Shooter,43,933.3887,false
177,2021-09-25 00:30:00 UTC,1001255155,chase_no_cinco,43,933.3887,false
177,2021-09-25 00:30:00 UTC,1002185062,XVM_Ad_Astra,43,933.3887,false
177,2021-09-25 00:30:00 UTC,1004898677,AmigoDeEscuela,43,933.3887,true
177,2021-09-25 00:30:00 UTC,1014830115,blakyce,43,933.3887,true
177,2021-09-25 00:30:00 UTC,1015325637,lue113,43,933.3887,true
177,2021-09-25 00:30:00 UTC,1028185638,A_mares,43,933.3887,false
177,2021-09-25 00:30:00 UTC,1028935302,Peace2500,43,933.3887,true
177,2021-09-25 00:30:00 UTC,1032786023,G4YM3R_J3RK0V,43,933.3887,true
177,2021-09-25 00:30:00 UTC,1036214753,LargeForeignObject,43,933.3887,false
177,2021-09-25 00:30:00 UTC,1037642945,Kan3_,43,933.3887,true
177,2021-09-25 00:30:00 UTC,1002353020,phanzo_hairline_go_brrr,55,927.4236,true
177,2021-09-25 00:30:00 UTC,1006289604,NoMercy4TheWeak,56,921.5183,false
177,2021-09-25 00:30:00 UTC,1039747390,reactionary_LESSGOOO,57,915.62,true
177,2021-09-25 00:30:00 UTC,1001929616,Gary619,58,905.4742,true
177,2021-09-25 00:30:00 UTC,1015509741,MrBanjoMan_,59,902.4124,false
177,2021-09-25 00:30:00 UTC,1008315206,Floppy___,60,901.0088,false
177,2021-09-25 00:30:00 UTC,1005138585,Spirtwalker,61,894.6403,false
177,2021-09-25 00:30:00 UTC,1005120771,foodprinter,61,894.6403,false
177,2021-09-25 00:30:00 UTC,1010887368,Akashah,61,894.6403,true
177,2021-09-25 00:30:00 UTC,1001610323,stussy,61,894.6403,true
177,2021-09-25 00:30:00 UTC,1000741886,Buck_Wild,61,894.6403,true
177,2021-09-25 00:30:00 UTC,1000219891,_Jerm_,66,881.4082,false
177,2021-09-25 00:30:00 UTC,1005507559,Sadge,67,879.7643,true
177,2021-09-25 00:30:00 UTC,1002287786,mrhood,68,876.2259,true
177,2021-09-25 00:30:00 UTC,1006876211,Passive_Yellow_Sticker,69,872.8908,true
177,2021-09-25 00:30:00 UTC,1033424051,Charan_Kanna,70,863.664,true
177,2021-09-25 00:30:00 UTC,1001408420,BeachVolleyba11Legend,71,861.0606,true
177,2021-09-25 00:30:00 UTC,1003201415,xboy1999,72,855.8673,true
177,2021-09-25 00:30:00 UTC,1013602520,flare_phonics,73,850.6932,true
177,2021-09-25 00:30:00 UTC,1024663573,_Clipper,74,850.4319,true
177,2021-09-25 00:30:00 UTC,1004568114,Seas_,74,850.4319,true
177,2021-09-25 00:30:00 UTC,1001106853,Althalus_,74,850.4319,true
177,2021-09-25 00:30:00 UTC,1031586881,FISHYatPURDUEwitFALCON,77,845.6206,false
177,2021-09-25 00:30:00 UTC,1005266634,CAPTAIN_KOK,78,839.4366,true
177,2021-09-25 00:30:00 UTC,1012170998,NightFury999,79,837.6296,true
177,2021-09-25 00:30:00 UTC,1014932883,tablito,79,837.6296,false
177,2021-09-25 00:30:00 UTC,1000544972,Vyraall,81,836.6746,false
177,2021-09-25 00:30:00 UTC,1006327846,Bombaybacon,82,828.5897,true
177,2021-09-25 00:30:00 UTC,1014248385,The_GreatOne,82,828.5897,true
177,2021-09-25 00:30:00 UTC,1008595620,bot____,84,748.2186,true
176,2021-09-23 00:30:00 UTC,1004568114,Seas_,1,1536.4927,true
176,2021-09-23 00:30:00 UTC,1005402881,DS_G4MER,2,1480.5051,true
176,2021-09-23 00:30:00 UTC,1008372679,Seely1v29,3,1448.9403,true
176,2021-09-23 00:30:00 UTC,1021450210,dart_monkey,4,1441.9434,true
176,2021-09-23 00:30:00 UTC,1003381330,1984BigBrother,5,1391.1801,false
176,2021-09-23 00:30:00 UTC,1005120771,foodprinter,6,1389.7607,false
176,2021-09-23 00:30:00 UTC,1000437276,Inadequit,7,1378.3587,false
176,2021-09-23 00:30:00 UTC,1009011702,Chrlie,8,1365.4067,true
176,2021-09-23 00:30:00 UTC,1002941835,Delta_Tinderthot,9,1358.9443,true
176,2021-09-23 00:30:00 UTC,1000986277,Bolt___Best_Dirt_Shooter,10,1340.2807,false
176,2021-09-23 00:30:00 UTC,1002797165,Fulcrous_really_heckin,11,1334.7845,true
176,2021-09-23 00:30:00 UTC,1029946384,BrutalPepega,12,1334.6336,true
176,2021-09-23 00:30:00 UTC,1000810807,External007,13,1329.3493,false
176,2021-09-23 00:30:00 UTC,1001592565,Newtin,14,1329.154,false
176,2021-09-23 00:30:00 UTC,1002353020,phanzo_hairline_go_brrr,15,1293.2281,true
176,2021-09-23 00:30:00 UTC,1006250724,NyxWGA,16,1292.05,false
176,2021-09-23 00:30:00 UTC,1001929616,Gary619,17,1284.1483,true
176,2021-09-23 00:30:00 UTC,1003248048,UnknownRocket,18,1279.4135,true
176,2021-09-23 00:30:00 UTC,1002492600,TheLoveHitman,19,1279.2059,false
176,2021-09-23 00:30:00 UTC,1014932883,tablito,20,1278.0702,false
176,2021-09-23 00:30:00 UTC,1005138585,Spirtwalker,20,1278.0702,false
176,2021-09-23 00:30:00 UTC,1010011558,0ctobear,22,1260.2217,false
176,2021-09-23 00:30:00 UTC,1006277106,SGrant7,23,1259.086,true
176,2021-09-23 00:30:00 UTC,1013602520,flare_phonics,24,1258.3626,true
176,2021-09-23 00:30:00 UTC,1019033872,CrimsonRedLineSniper,25,1255.349,true
176,2021-09-23 00:30:00 UTC,1000518069,fennec_,25,1255.349,true
176,2021-09-23 00:30:00 UTC,1000219891,_Jerm_,27,1255.1509,false
176,2021-09-23 00:30:00 UTC,1007553360,LaserDestroyer1,28,1251.4074,true
176,2021-09-23 00:30:00 UTC,1002185062,XVM_Ad_Astra,29,1246.2679,false
176,2021-09-23 00:30:00 UTC,1028695627,Koma_NA,30,1243.3813,false
176,2021-09-23 00:30:00 UTC,1005421811,Stored,31,1227.9498,false
176,2021-09-23 00:30:00 UTC,1037642945,Kan3_,32,1221.9376,true
176,2021-09-23 00:30:00 UTC,1001112707,RenamedUser_ERROR,33,1220.5953,true
176,2021-09-23 00:30:00 UTC,1000603148,falcon_LESSGOOO,34,1220.0533,true
176,2021-09-23 00:30:00 UTC,1008595620,bot____,35,1219.7554,true
176,2021-09-23 00:30:00 UTC,1010750898,Ruev__InsertANewIGN__,36,1213.6886,true
176,2021-09-23 00:30:00 UTC,1005621757,JonJon__BingChiLing,37,1212.4953,true
176,2021-09-23 00:30:00 UTC,1019246289,SuperNova_o7,37,1212.4953,false
176,2021-09-23 00:30:00 UTC,1012372881,potatoe_,39,1210.5395,true
176,2021-09-23 00:30:00 UTC,1004420660,Get_Clicked_On,40,1193.2379,false
176,2021-09-23 00:30:00 UTC,1039747390,reactionary_LESSGOOO,41,1185.5537,true
176,2021-09-23 00:30:00 UTC,1015388138,Hasu_reppinATL,42,1182.0575,false
176,2021-09-23 00:30:00 UTC,1000529878,E__,43,1178.5181,true
176,2021-09-23 00:30:00 UTC,1024663573,_Clipper,44,1177.8064,true
176,2021-09-23 00:30:00 UTC,1001255155,chase_no_cinco,45,1176.8169,false
176,2021-09-23 00:30:00 UTC,1002907634,ImMoreEpicThanYou,45,1176.8169,true
176,2021-09-23 00:30:00 UTC,1004898677,AmigoDeEscuela,45,1176.8169,true
176,2021-09-23 00:30:00 UTC,1003882821,PM_Loves_Hoarce,48,1173.1213,false
176,2021-09-23 00:30:00 UTC,1000444527,Elevendy,49,1165.3108,true
176,2021-09-23 00:30:00 UTC,1036214753,LargeForeignObject,50,1161.1819,false
176,2021-09-23 00:30:00 UTC,1014248385,The_GreatOne,51,1156.5541,true
176,2021-09-23 00:30:00 UTC,1032786023,G4YM3R_J3RK0V,52,1152.2546,true
176,2021-09-23 00:30:00 UTC,1003201415,xboy1999,52,1152.2546,true
176,2021-09-23 00:30:00 UTC,1002245161,blooptev,54,1139.6327,false
176,2021-09-23 00:30:00 UTC,1003505918,SkylineSC,55,1136.2794,false
176,2021-09-23 00:30:00 UTC,1007246582,_Supreme_Nightmare_,56,1136.122,true
176,2021-09-23 00:30:00 UTC,1002617437,klud_FastFarming_Copium,57,1126.5273,true
176,2021-09-23 00:30:00 UTC,1002523155,thehobostrangle,58,1125.29,true
176,2021-09-23 00:30:00 UTC,1013512767,AllMyHomiesHateArty,59,1125.1234,true
176,2021-09-23 00:30:00 UTC,1000358990,boyfriend_material,59,1125.1234,true
176,2021-09-23 00:30:00 UTC,1001150459,BorgGoesBrrr,61,1109.8585,true
176,2021-09-23 00:30:00 UTC,1003889973,Kentucky_,61,1109.8585,false
176,2021-09-23 00:30:00 UTC,1002493006,Muscles1_CLLEGEND,61,1109.8585,false
176,2021-09-23 00:30:00 UTC,1003458361,Some_Big_Idiot,61,1109.8585,false
176,2021-09-23 00:30:00 UTC,1006327846,Bombaybacon,65,1109.3536,true
176,2021-09-23 00:30:00 UTC,1002287786,mrhood,66,1107.6873,true
176,2021-09-23 00:30:00 UTC,1001106853,Althalus_,67,1106.6861,true
176,2021-09-23 00:30:00 UTC,1028935302,Peace2500,68,1100.9755,true
176,2021-09-23 00:30:00 UTC,1031586881,FISHYatPURDUEwitFALCON,68,1100.9755,false
176,2021-09-23 00:30:00 UTC,1000510890,Algray,70,1100.7796,false
176,2021-09-23 00:30:00 UTC,1006876211,Passive_Yellow_Sticker,71,1079.4747,true
176,2021-09-23 00:30:00 UTC,1020985078,warhead_iron,72,1076.2048,true
176,2021-09-23 00:30:00 UTC,1014830115,blakyce,73,1063.5529,true
176,2021-09-23 00:30:00 UTC,1006053880,Nexus__,74,1058.5794,false
176,2021-09-23 00:30:00 UTC,1011313597,Suki_CopiumWrangler,75,1055.0193,true
176,2021-09-23 00:30:00 UTC,1000741886,Buck_Wild,76,1050.3732,true
176,2021-09-23 00:30:00 UTC,1005507559,Sadge,77,1049.1996,true
176,2021-09-23 00:30:00 UTC,1033424051,Charan_Kanna,78,1039.6428,true
176,2021-09-23 00:30:00 UTC,1026332482,Chaderoni,79,1034.3835,true
176,2021-09-23 00:30:00 UTC,1005266634,CAPTAIN_KOK,80,1026.5163,true
176,2021-09-23 00:30:00 UTC,1006140992,Nighty_Sporaddict,81,1013.4325,true
176,2021-09-23 00:30:00 UTC,1010656127,RZ2000,82,1008.6545,true
176,2021-09-23 00:30:00 UTC,1013386391,Blurwashere,83,991.8829,true
176,2021-09-23 00:30:00 UTC,1038108570,FochYourself,84,985.1798,true
176,2021-09-23 00:30:00 UTC,1028209260,Dark_RerollForHire,85,984.386,true
176,2021-09-23 00:30:00 UTC,1015509741,MrBanjoMan_,86,983.4641,false
176,2021-09-23 00:30:00 UTC,1001797247,707_horsepower,87,981.8208,true
176,2021-09-23 00:30:00 UTC,1002642191,Edge_of_Insanity,88,950.8898,true
176,2021-09-23 00:30:00 UTC,1002278436,_Tigr,89,950.8211,true
176,2021-09-23 00:30:00 UTC,1036771081,_Tigr_ButNoChief,89,950.8211,true
176,2021-09-23 00:30:00 UTC,1004201666,TragicLoss,91,940.6429,false
176,2021-09-23 00:30:00 UTC,1008254256,BadBullet,92,939.381,true
176,2021-09-23 00:30:00 UTC,1003482352,SmyleeRage,93,926.1812,false
176,2021-09-23 00:30:00 UTC,1003262925,TheAverageBucket,94,921.5515,true
176,2021-09-23 00:30:00 UTC,1005451779,harrydeli_,95,844.0907,true
176,2021-09-23 00:30:00 UTC,1001408420,BeachVolleyba11Legend,96,762.7402,true
176,2021-09-23 00:30:00 UTC,1005361354,Esocks,97,725.2189,true
176,2021-09-23 00:30:00 UTC,1001806641,mereelskirata,98,714.5335,true
176,2021-09-23 00:30:00 UTC,1001311062,Tedster_,99,619.4475,true
176,2021-09-23 00:30:00 UTC,1019284284,DUA_LIPA_wit_DABABY,100,603.0653,true
176,2021-09-23 00:30:00 UTC,1001848987,DonStrigger__Chatbanned,101,562.5535,true
176,2021-09-23 00:30:00 UTC,1000544972,Vyraall,102,552.7425,false
176,2021-09-23 00:30:00 UTC,1007457879,simonfire13,103,113.6106,true
175,2021-09-21 00:38:00 UTC,1002617437,klud_FastFarming_Copium,1,1679.4196,true
175,2021-09-21 00:38:00 UTC,1038108570,FochYourself,2,1655.371,true
175,2021-09-21 00:38:00 UTC,1010011558,0ctobear,3,1577.7711,false
175,2021-09-21 00:38:00 UTC,1033094548,abecedarian_1,4,1568.0679,true
175,2021-09-21 00:38:00 UTC,1028935302,Peace2500,5,1535.1638,true
175,2021-09-21 00:38:00 UTC,1001733036,Z0NED_,6,1534.3754,true
175,2021-09-21 00:38:00 UTC,1003248048,UnknownRocket,7,1518.8197,true
175,2021-09-21 00:38:00 UTC,1014932883,tablito,8,1517.0105,false
175,2021-09-21 00:38:00 UTC,1007246582,_Supreme_Nightmare_,9,1515.167,true
175,2021-09-21 00:38:00 UTC,1013602520,flare_phonics,10,1502.4521,true
175,2021-09-21 00:38:00 UTC,1003201415,xboy1999,11,1502.3637,true
175,2021-09-21 00:38:00 UTC,1001311062,Tedster_,12,1500.2135,true
175,2021-09-21 00:38:00 UTC,1005621757,JonJon__BingChiLing,13,1499.9299,true
175,2021-09-21 00:38:00 UTC,1000518069,fennec_,13,1499.9299,true
175,2021-09-21 00:38:00 UTC,1014248385,The_GreatOne,15,1498.002,true
175,2021-09-21 00:38:00 UTC,1000444527,Elevendy,16,1496.8274,true
175,2021-09-21 00:38:00 UTC,1005138585,Spirtwalker,17,1466.521,false
175,2021-09-21 00:38:00 UTC,1001255155,chase_no_cinco,18,1464.8964,false
175,2021-09-21 00:38:00 UTC,1033424051,Charan_Kanna,19,1444.426,true
175,2021-09-21 00:38:00 UTC,1003889973,Kentucky_,19,1444.426,false
175,2021-09-21 00:38:00 UTC,1002493006,Muscles1_CLLEGEND,21,1441.413,false
175,2021-09-21 00:38:00 UTC,1006876211,Passive_Yellow_Sticker,22,1434.5277,true
175,2021-09-21 00:38:00 UTC,1015388138,Hasu_reppinATL,23,1431.7098,false
175,2021-09-21 00:38:00 UTC,1000437276,Inadequit,23,1431.7098,false
175,2021-09-21 00:38:00 UTC,1006053880,Nexus__,23,1431.7098,false
175,2021-09-21 00:38:00 UTC,1001613985,DarkNinja_,23,1431.7098,false
175,2021-09-21 00:38:00 UTC,1001929616,Gary619,23,1431.7098,true
175,2021-09-21 00:38:00 UTC,1002508617,Demonic671,23,1431.7098,false
175,2021-09-21 00:38:00 UTC,1002551112,ephebus,29,1429.1876,true
175,2021-09-21 00:38:00 UTC,1002642191,Edge_of_Insanity,30,1424.8245,true
175,2021-09-21 00:38:00 UTC,1000544972,Vyraall,31,1423.2307,false
175,2021-09-21 00:38:00 UTC,1008372679,Seely1v29,32,1401.5216,true
175,2021-09-21 00:38:00 UTC,1005266634,CAPTAIN_KOK,33,1392.6622,true
175,2021-09-21 00:38:00 UTC,1001797247,707_horsepower,34,1388.7993,true
175,2021-09-21 00:38:00 UTC,1006610663,Ghost_o7,35,1388.3636,true
175,2021-09-21 00:38:00 UTC,1008254256,BadBullet,36,1372.5462,true
175,2021-09-21 00:38:00 UTC,1004420660,Get_Clicked_On,37,1368.7294,false
175,2021-09-21 00:38:00 UTC,1009057909,femboy_thighs,38,1368.3502,true
175,2021-09-21 00:38:00 UTC,1031586881,FISHYatPURDUEwitFALCON,39,1345.3895,false
175,2021-09-21 00:38:00 UTC,1026332482,Chaderoni,40,1330.87,true
175,2021-09-21 00:38:00 UTC,1024663573,_Clipper,41,1323.11,true
175,2021-09-21 00:38:00 UTC,1010415415,Obey_Omen,42,1318.6446,true
175,2021-09-21 00:38:00 UTC,1036771081,_Tigr_ButNoChief,43,1315.8221,true
175,2021-09-21 00:38:00 UTC,1002278436,_Tigr,43,1315.8221,true
175,2021-09-21 00:38:00 UTC,1013386391,Blurwashere,45,1313.3229,true
175,2021-09-21 00:38:00 UTC,1003381330,1984BigBrother,46,1307.2189,false
175,2021-09-21 00:38:00 UTC,1009011702,Chrlie,47,1300.1151,true
175,2021-09-21 00:38:00 UTC,1010656127,RZ2000,48,1290.9519,true
175,2021-09-21 00:38:00 UTC,1001592565,Newtin,49,1286.8726,false
175,2021-09-21 00:38:00 UTC,1005402881,DS_G4MER,49,1286.8726,true
175,2021-09-21 00:38:00 UTC,1000219891,_Jerm_,49,1286.8726,false
175,2021-09-21 00:38:00 UTC,1046487911,Strig_997ms_brain,49,1286.8726,true
175,2021-09-21 00:38:00 UTC,1002804341,Souka,49,1286.8726,true
175,2021-09-21 00:38:00 UTC,1038521294,Entropy___,54,1277.6668,false
175,2021-09-21 00:38:00 UTC,1002353020,phanzo_hairline_go_brrr,55,1277.5351,true
175,2021-09-21 00:38:00 UTC,1032786023,G4YM3R_J3RK0V,56,1276.7745,true
175,2021-09-21 00:38:00 UTC,1005361354,Esocks,57,1272.6595,true
175,2021-09-21 00:38:00 UTC,1004145797,Hoarce_Loves_PM,58,1272.6026,true
175,2021-09-21 00:38:00 UTC,1005534851,Kabali_noDeportPlz,59,1268.335,false
175,2021-09-21 00:38:00 UTC,1012372881,potatoe_,60,1265.0935,true
175,2021-09-21 00:38:00 UTC,1042431380,Zilzol,61,1262.7743,true
175,2021-09-21 00:38:00 UTC,1020985078,warhead_iron,62,1260.1277,true
175,2021-09-21 00:38:00 UTC,1039747390,reactionary_LESSGOOO,63,1259.8864,true
175,2021-09-21 00:38:00 UTC,1004568114,Seas_,64,1252.8417,true
175,2021-09-21 00:38:00 UTC,1000986277,Bolt___Best_Dirt_Shooter,64,1252.8417,false
175,2021-09-21 00:38:00 UTC,1000856222,TankarinoScrollFamarino,66,1251.5163,true
175,2021-09-21 00:38:00 UTC,1015509741,MrBanjoMan_,67,1244.7402,false
175,2021-09-21 00:38:00 UTC,1013788055,__Potato___,68,1239.4886,false
175,2021-09-21 00:38:00 UTC,1001150459,BorgGoesBrrr,69,1236.1881,true
175,2021-09-21 00:38:00 UTC,1004898677,AmigoDeEscuela,69,1236.1881,true
175,2021-09-21 00:38:00 UTC,1003262925,TheAverageBucket,69,1236.1881,true
175,2021-09-21 00:38:00 UTC,1002949232,Surv_Irelia_God,69,1236.1881,false
175,2021-09-21 00:38:00 UTC,1002212627,Decembear,69,1236.1881,false
175,2021-09-21 00:38:00 UTC,1021450210,dart_monkey,74,1232.0877,true
175,2021-09-21 00:38:00 UTC,1005451779,harrydeli_,75,1223.8922,true
175,2021-09-21 00:38:00 UTC,1003482352,SmyleeRage,76,1223.513,false
175,2021-09-21 00:38:00 UTC,1012170998,NightFury999,77,1217.0769,true
175,2021-09-21 00:38:00 UTC,1003882821,PM_Loves_Hoarce,78,1204.7482,false
175,2021-09-21 00:38:00 UTC,1013903608,TaLLy__,79,1198.8473,true
175,2021-09-21 00:38:00 UTC,1002523155,thehobostrangle,80,1192.032,true
175,2021-09-21 00:38:00 UTC,1002245161,blooptev,80,1192.032,false
175,2021-09-21 00:38:00 UTC,1000741886,Buck_Wild,80,1192.032,true
175,2021-09-21 00:38:00 UTC,1013862893,Snuffy_Mommy_Milkers,83,1173.4371,true
175,2021-09-21 00:38:00 UTC,1000529878,E__,84,1172.8285,true
175,2021-09-21 00:38:00 UTC,1002547077,_Ground,85,1170.9849,true
175,2021-09-21 00:38:00 UTC,1001106853,Althalus_,86,1143.0525,true
175,2021-09-21 00:38:00 UTC,1007688870,menegate,87,1123.9712,true
175,2021-09-21 00:38:00 UTC,1019033872,CrimsonRedLineSniper,88,1115.0492,true
175,2021-09-21 00:38:00 UTC,1003458361,Some_Big_Idiot,88,1115.0492,false
175,2021-09-21 00:38:00 UTC,1006140992,Nighty_Sporaddict,88,1115.0492,true
175,2021-09-21 00:38:00 UTC,1000603148,falcon_LESSGOOO,88,1115.0492,true
175,2021-09-21 00:38:00 UTC,1003778789,hyvlarn,92,1110.1087,true
175,2021-09-21 00:38:00 UTC,1010750898,Ruev__InsertANewIGN__,93,1098.0136,true
175,2021-09-21 00:38:00 UTC,1006537129,callmeYEA,94,1082.9826,false
175,2021-09-21 00:38:00 UTC,1019246289,SuperNova_o7,95,999.1615,false
175,2021-09-21 00:38:00 UTC,1002941835,Delta_Tinderthot,96,981.1665,true
175,2021-09-21 00:38:00 UTC,1001408420,BeachVolleyba11Legend,97,933.8293,true
175,2021-09-21 00:38:00 UTC,1003925659,BucefaloPy,98,378.04,true
175,2021-09-21 00:38:00 UTC,1039731008,C_bastian_,99,138.9113,false
180,2021-10-02 00:30:00 UTC,1000437276,Inadequit,1,1905.658,false
180,2021-10-02 00:30:00 UTC,1001929616,Gary619,2,1693.8934,true
180,2021-10-02 00:30:00 UTC,1003882821,PM_Loves_Hoarce,3,1651.7991,false
180,2021-10-02 00:30:00 UTC,1001255155,chase_no_cinco,3,1651.7991,false
180,2021-10-02 00:30:00 UTC,1002508617,Demonic671,5,1590.704,false
180,2021-10-02 00:30:00 UTC,1006140992,Nighty_Sporaddict,6,1585.1039,true
180,2021-10-02 00:30:00 UTC,1001150459,BorgGoesBrrr,7,1560.2776,true
180,2021-10-02 00:30:00 UTC,1002353020,phanzo_hairline_go_brrr,8,1444.5112,true
180,2021-10-02 00:30:00 UTC,1000061548,Sarsasaurus,9,1415.3899,true
180,2021-10-02 00:30:00 UTC,1005507559,Sadge,9,1415.3899,true
180,2021-10-02 00:30:00 UTC,1003534925,riseglory,9,1415.3899,true
180,2021-10-02 00:30:00 UTC,1005120771,foodprinter,9,1415.3899,false
180,2021-10-02 00:30:00 UTC,1000518069,fennec_,9,1415.3899,true
180,2021-10-02 00:30:00 UTC,1001797247,707_horsepower,9,1415.3899,true
180,2021-10-02 00:30:00 UTC,1002278436,_Tigr,15,1410.7618,true
180,2021-10-02 00:30:00 UTC,1036771081,_Tigr_ButNoChief,15,1410.7618,true
180,2021-10-02 00:30:00 UTC,1002797165,Fulcrous_really_heckin,15,1410.7618,true
180,2021-10-02 00:30:00 UTC,1002493006,Muscles1_CLLEGEND,18,1379.8023,false
180,2021-10-02 00:30:00 UTC,1003482352,SmyleeRage,19,1367.1379,false
180,2021-10-02 00:30:00 UTC,1009011702,Chrlie,20,1323.1765,true
180,2021-10-02 00:30:00 UTC,1000810807,External007,20,1323.1765,false
180,2021-10-02 00:30:00 UTC,1010656127,RZ2000,20,1323.1765,true
180,2021-10-02 00:30:00 UTC,1013602520,flare_phonics,23,1322.0697,true
180,2021-10-02 00:30:00 UTC,1007246582,_Supreme_Nightmare_,24,1314.1633,true
180,2021-10-02 00:30:00 UTC,1005138585,Spirtwalker,25,1309.4927,false
180,2021-10-02 00:30:00 UTC,1001806641,mereelskirata,25,1309.4927,true
180,2021-10-02 00:30:00 UTC,1006876211,Passive_Yellow_Sticker,25,1309.4927,true
180,2021-10-02 00:30:00 UTC,1008754025,KAM_Akazi,25,1309.4927,true
180,2021-10-02 00:30:00 UTC,1026253618,JellyFishBob_,29,1288.0451,true
180,2021-10-02 00:30:00 UTC,1006289604,NoMercy4TheWeak,30,1287.7986,false
180,2021-10-02 00:30:00 UTC,1021450210,dart_monkey,31,1249.5044,true
180,2021-10-02 00:30:00 UTC,1003381330,1984BigBrother,32,1248.4818,false
180,2021-10-02 00:30:00 UTC,1012372881,potatoe_,33,1218.833,true
180,2021-10-02 00:30:00 UTC,1014932883,tablito,33,1218.833,false
180,2021-10-02 00:30:00 UTC,1010144318,beachead08,33,1218.833,true
180,2021-10-02 00:30:00 UTC,1002245161,blooptev,36,1212.4779,false
180,2021-10-02 00:30:00 UTC,1039747390,reactionary_LESSGOOO,37,1199.8601,true
180,2021-10-02 00:30:00 UTC,1001106853,Althalus_,37,1199.8601,true
180,2021-10-02 00:30:00 UTC,1002617437,klud_FastFarming_Copium,37,1199.8601,true
180,2021-10-02 00:30:00 UTC,1002642191,Edge_of_Insanity,37,1199.8601,true
180,2021-10-02 00:30:00 UTC,1005621757,JonJon__BingChiLing,37,1199.8601,true
180,2021-10-02 00:30:00 UTC,1000113563,Boisefan11,42,1187.4371,true
180,2021-10-02 00:30:00 UTC,1013386391,Blurwashere,42,1187.4371,true
180,2021-10-02 00:30:00 UTC,1031586881,FISHYatPURDUEwitFALCON,44,1176.8903,false
180,2021-10-02 00:30:00 UTC,1000741886,Buck_Wild,45,1146.7556,true
180,2021-10-02 00:30:00 UTC,1006327846,Bombaybacon,45,1146.7556,true
180,2021-10-02 00:30:00 UTC,1004420660,Get_Clicked_On,45,1146.7556,false
180,2021-10-02 00:30:00 UTC,1003248048,UnknownRocket,48,1127.7123,true
180,2021-10-02 00:30:00 UTC,1004568114,Seas_,49,1098.591,true
180,2021-10-02 00:30:00 UTC,1006458780,boy_1der,49,1098.591,true
180,2021-10-02 00:30:00 UTC,1008119703,RickPatton,49,1098.591,true
180,2021-10-02 00:30:00 UTC,1003505918,SkylineSC,49,1098.591,false
180,2021-10-02 00:30:00 UTC,1001610323,stussy,49,1098.591,true
180,2021-10-02 00:30:00 UTC,1000986277,Bolt___Best_Dirt_Shooter,49,1098.591,false
180,2021-10-02 00:30:00 UTC,1036214753,LargeForeignObject,49,1098.591,false
180,2021-10-02 00:30:00 UTC,1037642945,Kan3_,49,1098.591,true
180,2021-10-02 00:30:00 UTC,1004898677,AmigoDeEscuela,49,1098.591,true
180,2021-10-02 00:30:00 UTC,1003889973,Kentucky_,58,1086.7673,false
180,2021-10-02 00:30:00 UTC,1002941835,Delta_Tinderthot,59,1062.1231,true
180,2021-10-02 00:30:00 UTC,1001112707,RenamedUser_ERROR,60,1037.9879,true
180,2021-10-02 00:30:00 UTC,1014830115,blakyce,61,1030.6975,true
180,2021-10-02 00:30:00 UTC,1024663573,_Clipper,62,1020.0719,true
180,2021-10-02 00:30:00 UTC,1001298859,phonon,63,1001.5762,true
180,2021-10-02 00:30:00 UTC,1007688870,menegate,64,995.4858,true
180,2021-10-02 00:30:00 UTC,1032786023,G4YM3R_J3RK0V,65,967.7564,true
180,2021-10-02 00:30:00 UTC,1019033872,CrimsonRedLineSniper,66,943.8436,true
180,2021-10-02 00:30:00 UTC,1005402881,DS_G4MER,66,943.8436,true
180,2021-10-02 00:30:00 UTC,1002545548,Tokenark,68,902.0341,true
180,2021-10-02 00:30:00 UTC,1021651811,Storedwall,69,900.0657,true
180,2021-10-02 00:30:00 UTC,1008372679,Seely1v29,70,895.679,true
180,2021-10-02 00:30:00 UTC,1000219891,_Jerm_,71,834.6681,false
179,2021-09-30 00:30:00 UTC,1002185062,XVM_Ad_Astra,1,1628.6442,false
179,2021-09-30 00:30:00 UTC,1012372881,potatoe_,2,1612.7808,true
179,2021-09-30 00:30:00 UTC,1014932883,tablito,2,1612.7808,false
179,2021-09-30 00:30:00 UTC,1002642191,Edge_of_Insanity,2,1612.7808,true
179,2021-09-30 00:30:00 UTC,1002617437,klud_FastFarming_Copium,5,1564.1185,true
179,2021-09-30 00:30:00 UTC,1006327846,Bombaybacon,6,1560.9096,true
179,2021-09-30 00:30:00 UTC,1003482352,SmyleeRage,7,1542.0437,false
179,2021-09-30 00:30:00 UTC,1000437276,Inadequit,8,1524.9303,false
179,2021-09-30 00:30:00 UTC,1006458780,boy_1der,9,1494.4222,true
179,2021-09-30 00:30:00 UTC,1001150459,BorgGoesBrrr,10,1490.8587,true
179,2021-09-30 00:30:00 UTC,1006289604,NoMercy4TheWeak,11,1489.5633,false
179,2021-09-30 00:30:00 UTC,1005120771,foodprinter,12,1456.6763,false
179,2021-09-30 00:30:00 UTC,1013602520,flare_phonics,13,1451.6953,true
179,2021-09-30 00:30:00 UTC,1001255155,chase_no_cinco,14,1437.4923,false
179,2021-09-30 00:30:00 UTC,1007688870,menegate,15,1399.3486,true
179,2021-09-30 00:30:00 UTC,1000810807,External007,16,1398.7393,false
179,2021-09-30 00:30:00 UTC,1009011702,Chrlie,17,1378.2036,true
179,2021-09-30 00:30:00 UTC,1000741886,Buck_Wild,18,1375.6679,true
179,2021-09-30 00:30:00 UTC,1001929616,Gary619,18,1375.6679,true
179,2021-09-30 00:30:00 UTC,1028935302,Peace2500,20,1372.5001,true
179,2021-09-30 00:30:00 UTC,1016999607,King_Marc,20,1372.5001,true
179,2021-09-30 00:30:00 UTC,1001610323,stussy,22,1357.5047,true
179,2021-09-30 00:30:00 UTC,1011853899,DrapsM,22,1357.5047,false
179,2021-09-30 00:30:00 UTC,1003534925,riseglory,24,1355.2032,true
179,2021-09-30 00:30:00 UTC,1001112707,RenamedUser_ERROR,25,1349.4816,true
179,2021-09-30 00:30:00 UTC,1001797247,707_horsepower,26,1347.2432,true
179,2021-09-30 00:30:00 UTC,1000219891,_Jerm_,27,1345.12,false
179,2021-09-30 00:30:00 UTC,1001106853,Althalus_,28,1322.9351,true
179,2021-09-30 00:30:00 UTC,1014248385,The_GreatOne,29,1315.717,true
179,2021-09-30 00:30:00 UTC,1003381330,1984BigBrother,30,1315.5702,false
179,2021-09-30 00:30:00 UTC,1002797165,Fulcrous_really_heckin,30,1315.5702,true
179,2021-09-30 00:30:00 UTC,1010656127,RZ2000,32,1308.8013,true
179,2021-09-30 00:30:00 UTC,1005138585,Spirtwalker,32,1308.8013,false
179,2021-09-30 00:30:00 UTC,1005621757,JonJon__BingChiLing,34,1307.9604,true
179,2021-09-30 00:30:00 UTC,1031586881,FISHYatPURDUEwitFALCON,35,1301.5136,false
179,2021-09-30 00:30:00 UTC,1002245161,blooptev,36,1298.6506,false
179,2021-09-30 00:30:00 UTC,1002545548,Tokenark,37,1287.7359,true
179,2021-09-30 00:30:00 UTC,1026253618,JellyFishBob_,38,1278.3693,true
179,2021-09-30 00:30:00 UTC,1021651811,Storedwall,39,1265.6869,true
179,2021-09-30 00:30:00 UTC,1001806641,mereelskirata,39,1265.6869,true
179,2021-09-30 00:30:00 UTC,1013386391,Blurwashere,41,1250.5589,true
179,2021-09-30 00:30:00 UTC,1006140992,Nighty_Sporaddict,42,1250.1662,true
179,2021-09-30 00:30:00 UTC,1019033872,CrimsonRedLineSniper,43,1236.4941,true
179,2021-09-30 00:30:00 UTC,1039747390,reactionary_LESSGOOO,44,1236.4489,true
179,2021-09-30 00:30:00 UTC,1003882821,PM_Loves_Hoarce,44,1236.4489,false
179,2021-09-30 00:30:00 UTC,1036214753,LargeForeignObject,44,1236.4489,false
179,2021-09-30 00:30:00 UTC,1037642945,Kan3_,47,1224.0871,true
179,2021-09-30 00:30:00 UTC,1014212379,KingCold_accurate,48,1221.8489,true
179,2021-09-30 00:30:00 UTC,1002493006,Muscles1_CLLEGEND,49,1217.877,false
179,2021-09-30 00:30:00 UTC,1004898677,AmigoDeEscuela,50,1213.1919,true
179,2021-09-30 00:30:00 UTC,1000518069,fennec_,51,1209.1995,true
179,2021-09-30 00:30:00 UTC,1000986277,Bolt___Best_Dirt_Shooter,52,1202.8383,false
179,2021-09-30 00:30:00 UTC,1003889973,Kentucky_,53,1201.5039,false
179,2021-09-30 00:30:00 UTC,1005402881,DS_G4MER,54,1185.1309,true
179,2021-09-30 00:30:00 UTC,1006277106,SGrant7,55,1181.8776,true
179,2021-09-30 00:30:00 UTC,1008372679,Seely1v29,56,1171.4347,true
179,2021-09-30 00:30:00 UTC,1032786023,G4YM3R_J3RK0V,57,1168.9816,true
179,2021-09-30 00:30:00 UTC,1002907634,ImMoreEpicThanYou,57,1168.9816,true
179,2021-09-30 00:30:00 UTC,1008754025,KAM_Akazi,59,1150.8493,true
179,2021-09-30 00:30:00 UTC,1006876211,Passive_Yellow_Sticker,60,1111.7856,true
179,2021-09-30 00:30:00 UTC,1005451779,harrydeli_,61,1101.2741,true
179,2021-09-30 00:30:00 UTC,1036771081,_Tigr_ButNoChief,61,1101.2741,true
179,2021-09-30 00:30:00 UTC,1005507559,Sadge,61,1101.2741,true
179,2021-09-30 00:30:00 UTC,1004420660,Get_Clicked_On,61,1101.2741,false
179,2021-09-30 00:30:00 UTC,1002278436,_Tigr,61,1101.2741,true
179,2021-09-30 00:30:00 UTC,1004568114,Seas_,66,1093.0081,true
179,2021-09-30 00:30:00 UTC,1010144318,beachead08,67,1092.7146,true
179,2021-09-30 00:30:00 UTC,1010750898,Ruev__InsertANewIGN__,68,1092.5014,true
179,2021-09-30 00:30:00 UTC,1000544972,Vyraall,69,1086.458,false
179,2021-09-30 00:30:00 UTC,1002941835,Delta_Tinderthot,70,1078.1669,true
179,2021-09-30 00:30:00 UTC,1024663573,_Clipper,71,1052.5989,true
179,2021-09-30 00:30:00 UTC,1021450210,dart_monkey,72,1047.0595,true
179,2021-09-30 00:30:00 UTC,1003248048,UnknownRocket,73,944.8377,true
179,2021-09-30 00:30:00 UTC,1014830115,blakyce,74,938.9234,true
179,2021-09-30 00:30:00 UTC,1002353020,phanzo_hairline_go_brrr,75,916.6202,true
178,2021-09-28 00:30:00 UTC,1000437276,Inadequit,1,1781.5703,false
178,2021-09-28 00:30:00 UTC,1003505918,SkylineSC,1,1781.5703,false
178,2021-09-28 00:30:00 UTC,1000518069,fennec_,3,1778.7409,true
178,2021-09-28 00:30:00 UTC,1013386391,Blurwashere,3,1778.7409,true
178,2021-09-28 00:30:00 UTC,1028209260,Dark_RerollForHire,5,1770.2461,true
178,2021-09-28 00:30:00 UTC,1003882821,PM_Loves_Hoarce,6,1760.1903,false
178,2021-09-28 00:30:00 UTC,1001255155,chase_no_cinco,6,1760.1903,false
178,2021-09-28 00:30:00 UTC,1000219891,_Jerm_,8,1758.6377,false
178,2021-09-28 00:30:00 UTC,1001797247,707_horsepower,8,1758.6377,true
178,2021-09-28 00:30:00 UTC,1007246582,_Supreme_Nightmare_,10,1747.899,true
178,2021-09-28 00:30:00 UTC,1004420660,Get_Clicked_On,11,1739.9833,false
178,2021-09-28 00:30:00 UTC,1015509741,MrBanjoMan_,11,1739.9833,false
178,2021-09-28 00:30:00 UTC,1039747390,reactionary_LESSGOOO,13,1690.754,true
178,2021-09-28 00:30:00 UTC,1010144318,beachead08,14,1680.1745,true
178,2021-09-28 00:30:00 UTC,1014248385,The_GreatOne,15,1675.0638,true
178,2021-09-28 00:30:00 UTC,1000986277,Bolt___Best_Dirt_Shooter,15,1675.0638,false
178,2021-09-28 00:30:00 UTC,1004898677,AmigoDeEscuela,15,1675.0638,true
178,2021-09-28 00:30:00 UTC,1005138585,Spirtwalker,15,1675.0638,false
178,2021-09-28 00:30:00 UTC,1005621757,JonJon__BingChiLing,15,1675.0638,true
178,2021-09-28 00:30:00 UTC,1001806641,mereelskirata,20,1673.5112,true
178,2021-09-28 00:30:00 UTC,1005266634,CAPTAIN_KOK,20,1673.5112,true
178,2021-09-28 00:30:00 UTC,1010750898,Ruev__InsertANewIGN__,22,1667.2893,true
178,2021-09-28 00:30:00 UTC,1008372679,Seely1v29,22,1667.2893,true
178,2021-09-28 00:30:00 UTC,1001929616,Gary619,24,1658.7945,true
178,2021-09-28 00:30:00 UTC,1015325637,lue113,24,1658.7945,true
178,2021-09-28 00:30:00 UTC,1000741886,Buck_Wild,24,1658.7945,true
178,2021-09-28 00:30:00 UTC,1014932883,tablito,24,1658.7945,false
178,2021-09-28 00:30:00 UTC,1036214753,LargeForeignObject,24,1658.7945,false
178,2021-09-28 00:30:00 UTC,1003889973,Kentucky_,29,1656.9695,false
178,2021-09-28 00:30:00 UTC,1005421811,Stored,30,1649.0921,false
178,2021-09-28 00:30:00 UTC,1005120771,foodprinter,31,1643.6928,false
178,2021-09-28 00:30:00 UTC,1002545548,Tokenark,32,1635.1135,true
178,2021-09-28 00:30:00 UTC,1006140992,Nighty_Sporaddict,33,1634.9512,true
178,2021-09-28 00:30:00 UTC,1038521294,Entropy___,34,1623.7325,false
178,2021-09-28 00:30:00 UTC,1003732466,DomoSapien,35,1620.7748,true
178,2021-09-28 00:30:00 UTC,1031586881,FISHYatPURDUEwitFALCON,36,1608.0126,false
178,2021-09-28 00:30:00 UTC,1005451779,harrydeli_,37,1606.1876,true
178,2021-09-28 00:30:00 UTC,1005402881,DS_G4MER,37,1606.1876,true
178,2021-09-28 00:30:00 UTC,1036771081,_Tigr_ButNoChief,39,1604.8507,true
178,2021-09-28 00:30:00 UTC,1002278436,_Tigr,39,1604.8507,true
178,2021-09-28 00:30:00 UTC,1021450210,dart_monkey,41,1592.3224,true
178,2021-09-28 00:30:00 UTC,1001610323,stussy,41,1592.3224,true
178,2021-09-28 00:30:00 UTC,1002493006,Muscles1_CLLEGEND,43,1590.4974,false
178,2021-09-28 00:30:00 UTC,1001150459,BorgGoesBrrr,44,1574.9922,true
178,2021-09-28 00:30:00 UTC,1008468822,M3rcury,44,1574.9922,true
178,2021-09-28 00:30:00 UTC,1032786023,G4YM3R_J3RK0V,46,1572.8149,true
178,2021-09-28 00:30:00 UTC,1004568114,Seas_,47,1568.6414,true
178,2021-09-28 00:30:00 UTC,1024663573,_Clipper,48,1568.2583,true
178,2021-09-28 00:30:00 UTC,1026253618,JellyFishBob_,49,1543.9937,true
178,2021-09-28 00:30:00 UTC,1003381330,1984BigBrother,50,1537.1863,false
178,2021-09-28 00:30:00 UTC,1007688870,menegate,50,1537.1863,true
178,2021-09-28 00:30:00 UTC,1009011702,Chrlie,52,1535.7731,true
178,2021-09-28 00:30:00 UTC,1006289604,NoMercy4TheWeak,53,1535.6337,false
178,2021-09-28 00:30:00 UTC,1013602520,flare_phonics,54,1522.7703,true
178,2021-09-28 00:30:00 UTC,1002797165,Fulcrous_really_heckin,55,1495.4629,true
178,2021-09-28 00:30:00 UTC,1002353020,phanzo_hairline_go_brrr,55,1495.4629,true
178,2021-09-28 00:30:00 UTC,1019033872,CrimsonRedLineSniper,57,1446.2336,true
178,2021-09-28 00:30:00 UTC,1020695760,Timetosleep123,58,1430.5434,true
178,2021-09-28 00:30:00 UTC,1037642945,Kan3_,58,1430.5434,true
178,2021-09-28 00:30:00 UTC,1006277106,SGrant7,58,1430.5434,true
178,2021-09-28 00:30:00 UTC,1006327846,Bombaybacon,58,1430.5434,true
178,2021-09-28 00:30:00 UTC,1006458780,boy_1der,58,1430.5434,true
178,2021-09-28 00:30:00 UTC,1010656127,RZ2000,58,1430.5434,true
178,2021-09-28 00:30:00 UTC,1012372881,potatoe_,58,1430.5434,true
178,2021-09-28 00:30:00 UTC,1014830115,blakyce,58,1430.5434,true
178,2021-09-28 00:30:00 UTC,1002642191,Edge_of_Insanity,58,1430.5434,true
178,2021-09-28 00:30:00 UTC,1003248048,UnknownRocket,67,1428.9908,true
178,2021-09-28 00:30:00 UTC,1033424051,Charan_Kanna,68,1399.0879,true
178,2021-09-28 00:30:00 UTC,1006250724,NyxWGA,69,1378.9847,false
178,2021-09-28 00:30:00 UTC,1002941835,Delta_Tinderthot,70,1355.4453,true
178,2021-09-28 00:30:00 UTC,1005507559,Sadge,71,1316.471,true
178,2021-09-28 00:30:00 UTC,1002907634,ImMoreEpicThanYou,72,1205.3961,true
178,2021-09-28 00:30:00 UTC,1004201666,TragicLoss,73,1121.9299,false
178,2021-09-28 00:30:00 UTC,1000529878,E__,74,1118.7086,true
181,2021-10-05 00:30:00 UTC,1003882821,PM_Loves_Hoarce,1,1233.7614,false
181,2021-10-05 00:30:00 UTC,1000986277,Bolt___Best_Dirt_Shooter,2,1206.3198,false
181,2021-10-05 00:30:00 UTC,1003534925,riseglory,3,1145.3308,true
181,2021-10-05 00:30:00 UTC,1001806641,mereelskirata,3,1145.3308,true
181,2021-10-05 00:30:00 UTC,1003889973,Kentucky_,5,1139.8382,false
181,2021-10-05 00:30:00 UTC,1010656127,RZ2000,6,1138.6935,true
181,2021-10-05 00:30:00 UTC,1012372881,potatoe_,7,1130.2725,true
181,2021-10-05 00:30:00 UTC,1031586881,FISHYatPURDUEwitFALCON,8,1102.5525,false
181,2021-10-05 00:30:00 UTC,1008372679,Seely1v29,9,1096.0089,true
181,2021-10-05 00:30:00 UTC,1024663573,_Clipper,9,1096.0089,true
181,2021-10-05 00:30:00 UTC,1006277106,SGrant7,9,1096.0089,true
181,2021-10-05 00:30:00 UTC,1007688870,menegate,9,1096.0089,true
181,2021-10-05 00:30:00 UTC,1036442425,KingCobraV,9,1096.0089,true
181,2021-10-05 00:30:00 UTC,1014830115,blakyce,9,1096.0089,true
181,2021-10-05 00:30:00 UTC,1008754025,KAM_Akazi,9,1096.0089,true
181,2021-10-05 00:30:00 UTC,1002545548,Tokenark,16,1095.3883,true
181,2021-10-05 00:30:00 UTC,1006140992,Nighty_Sporaddict,17,1061.5987,true
181,2021-10-05 00:30:00 UTC,1037642945,Kan3_,17,1061.5987,true
181,2021-10-05 00:30:00 UTC,1032786023,G4YM3R_J3RK0V,19,1055.8721,true
181,2021-10-05 00:30:00 UTC,1002797165,Fulcrous_really_heckin,20,1054.9614,true
181,2021-10-05 00:30:00 UTC,1010750898,Ruev__InsertANewIGN__,21,1050.0831,true
181,2021-10-05 00:30:00 UTC,1005138585,Spirtwalker,22,1040.6538,false
181,2021-10-05 00:30:00 UTC,1006494143,_WhiSeRack_,23,1032.6577,true
181,2021-10-05 00:30:00 UTC,1014248385,The_GreatOne,24,1000.941,true
181,2021-10-05 00:30:00 UTC,1003290437,TheBigHam_,24,1000.941,true
181,2021-10-05 00:30:00 UTC,1000437276,Inadequit,24,1000.941,false
181,2021-10-05 00:30:00 UTC,1004898677,AmigoDeEscuela,27,999.0732,true
181,2021-10-05 00:30:00 UTC,1005621757,JonJon__BingChiLing,27,999.0732,true
181,2021-10-05 00:30:00 UTC,1001408420,BeachVolleyba11Legend,29,991.4328,true
181,2021-10-05 00:30:00 UTC,1000219891,_Jerm_,30,991.0969,false
181,2021-10-05 00:30:00 UTC,1002642191,Edge_of_Insanity,31,989.633,true
181,2021-10-05 00:30:00 UTC,1006876211,Passive_Yellow_Sticker,31,989.633,true
181,2021-10-05 00:30:00 UTC,1001797247,707_horsepower,31,989.633,true
181,2021-10-05 00:30:00 UTC,1001610323,stussy,31,989.633,true
181,2021-10-05 00:30:00 UTC,1016999607,King_Marc,31,989.633,true
181,2021-10-05 00:30:00 UTC,2000452409,SeeGaul98,31,989.633,false
181,2021-10-05 00:30:00 UTC,2016842462,isaak34,31,989.633,false
181,2021-10-05 00:30:00 UTC,1002493006,Muscles1_CLLEGEND,38,982.9957,false
181,2021-10-05 00:30:00 UTC,1005361354,Esocks,39,981.4242,true
181,2021-10-05 00:30:00 UTC,1026253618,JellyFishBob_,40,980.1954,true
181,2021-10-05 00:30:00 UTC,1001255155,chase_no_cinco,41,969.3337,false
181,2021-10-05 00:30:00 UTC,1003381330,1984BigBrother,42,966.8621,false
181,2021-10-05 00:30:00 UTC,1001929616,Gary619,43,966.5308,true
181,2021-10-05 00:30:00 UTC,1003482352,SmyleeRage,44,960.8042,false
181,2021-10-05 00:30:00 UTC,1000061548,Sarsasaurus,45,959.8935,true
181,2021-10-05 00:30:00 UTC,1009011702,Chrlie,46,954.4009,true
181,2021-10-05 00:30:00 UTC,1000544972,Vyraall,47,952.4899,false
181,2021-10-05 00:30:00 UTC,1004420660,Get_Clicked_On,48,948.4779,false
181,2021-10-05 00:30:00 UTC,1036771081,_Tigr_ButNoChief,49,926.1809,true
181,2021-10-05 00:30:00 UTC,1002278436,_Tigr,49,926.1809,true
181,2021-10-05 00:30:00 UTC,1000741886,Buck_Wild,51,905.4692,true
181,2021-10-05 00:30:00 UTC,1001150459,BorgGoesBrrr,52,904.0053,true
181,2021-10-05 00:30:00 UTC,1005507559,Sadge,53,898.5127,true
181,2021-10-05 00:30:00 UTC,1005120771,foodprinter,54,886.3563,false
181,2021-10-05 00:30:00 UTC,1002941835,Delta_Tinderthot,54,886.3563,true
181,2021-10-05 00:30:00 UTC,1036214753,LargeForeignObject,56,876.5122,false
181,2021-10-05 00:30:00 UTC,1001106853,Althalus_,57,876.0065,true
181,2021-10-05 00:30:00 UTC,1021450210,dart_monkey,58,858.5667,true
181,2021-10-05 00:30:00 UTC,1039747390,reactionary_LESSGOOO,59,847.9174,true
181,2021-10-05 00:30:00 UTC,1006289604,NoMercy4TheWeak,60,818.5648,false
181,2021-10-05 00:30:00 UTC,1007805675,Intentionally_Obtuse,61,780.9386,true
181,2021-10-05 00:30:00 UTC,1025785336,sodeaddan,62,735.4441,true
182,2021-10-07 00:30:00 UTC,1006140992,Nighty_Sporaddict,1,1630.0795,true
182,2021-10-07 00:30:00 UTC,1002941835,Delta_Tinderthot,2,1610.1422,true
182,2021-10-07 00:30:00 UTC,1019033872,CrimsonRedLineSniper,3,1573.1451,true
182,2021-10-07 00:30:00 UTC,1002465274,heavymetal1967,3,1573.1451,true
182,2021-10-07 00:30:00 UTC,1003248048,UnknownRocket,5,1544.3713,true
182,2021-10-07 00:30:00 UTC,1009011702,Chrlie,6,1483.0127,true
182,2021-10-07 00:30:00 UTC,1003882821,PM_Loves_Hoarce,7,1463.8135,false
182,2021-10-07 00:30:00 UTC,1001106853,Althalus_,7,1463.8135,true
182,2021-10-07 00:30:00 UTC,1026253618,JellyFishBob_,9,1457.1957,true
182,2021-10-07 00:30:00 UTC,1021450210,dart_monkey,10,1454.191,true
182,2021-10-07 00:30:00 UTC,1004568114,Seas_,11,1440.0746,true
182,2021-10-07 00:30:00 UTC,1004420660,Get_Clicked_On,12,1434.1802,false
182,2021-10-07 00:30:00 UTC,1006327846,Bombaybacon,13,1416.2635,true
182,2021-10-07 00:30:00 UTC,1002493006,Muscles1_CLLEGEND,14,1414.7377,false
182,2021-10-07 00:30:00 UTC,1002523155,thehobostrangle,15,1400.4649,true
182,2021-10-07 00:30:00 UTC,1005138585,Spirtwalker,15,1400.4649,false
182,2021-10-07 00:30:00 UTC,1003889973,Kentucky_,15,1400.4649,false
182,2021-10-07 00:30:00 UTC,1008754025,KAM_Akazi,18,1393.8992,true
182,2021-10-07 00:30:00 UTC,1032786023,G4YM3R_J3RK0V,19,1390.9988,true
182,2021-10-07 00:30:00 UTC,1039747390,reactionary_LESSGOOO,20,1383.5523,true
182,2021-10-07 00:30:00 UTC,1036771081,_Tigr_ButNoChief,21,1365.4071,true
182,2021-10-07 00:30:00 UTC,1002278436,_Tigr,21,1365.4071,true
182,2021-10-07 00:30:00 UTC,1000544972,Vyraall,21,1365.4071,false
182,2021-10-07 00:30:00 UTC,1001797247,707_horsepower,24,1361.1208,true
182,2021-10-07 00:30:00 UTC,1002545548,Tokenark,25,1357.8033,true
182,2021-10-07 00:30:00 UTC,1000061548,Sarsasaurus,26,1351.1343,true
182,2021-10-07 00:30:00 UTC,1037642945,Kan3_,27,1347.8168,true
182,2021-10-07 00:30:00 UTC,1006277106,SGrant7,28,1343.3023,true
182,2021-10-07 00:30:00 UTC,1014248385,The_GreatOne,28,1343.3023,true
182,2021-10-07 00:30:00 UTC,1005621757,JonJon__BingChiLing,28,1343.3023,true
182,2021-10-07 00:30:00 UTC,1000518069,fennec_,31,1339.9639,true
182,2021-10-07 00:30:00 UTC,1031586881,FISHYatPURDUEwitFALCON,32,1318.7956,false
182,2021-10-07 00:30:00 UTC,1012372881,potatoe_,33,1308.4727,true
182,2021-10-07 00:30:00 UTC,1014830115,blakyce,33,1308.4727,true
182,2021-10-07 00:30:00 UTC,1010656127,RZ2000,33,1308.4727,true
182,2021-10-07 00:30:00 UTC,1002245161,blooptev,36,1291.3989,false
182,2021-10-07 00:30:00 UTC,1001255155,chase_no_cinco,37,1255.447,false
182,2021-10-07 00:30:00 UTC,1000219891,_Jerm_,38,1249.7628,false
182,2021-10-07 00:30:00 UTC,1036214753,LargeForeignObject,39,1224.7328,false
182,2021-10-07 00:30:00 UTC,1004898677,AmigoDeEscuela,40,1210.2318,true
182,2021-10-07 00:30:00 UTC,1002185062,XVM_Ad_Astra,41,1158.1155,false
182,2021-10-07 00:30:00 UTC,1001610323,stussy,42,1124.9445,true
182,2021-10-07 00:30:00 UTC,1005507559,Sadge,43,1088.3936,true
182,2021-10-07 00:30:00 UTC,1001929616,Gary619,44,1051.4611,true
182,2021-10-07 00:30:00 UTC,1014932883,tablito,45,1025.5672,false
182,2021-10-07 00:30:00 UTC,1000741886,Buck_Wild,46,1012.8674,true
182,2021-10-07 00:30:00 UTC,1001806641,mereelskirata,46,1012.8674,true
182,2021-10-07 00:30:00 UTC,1003534925,riseglory,48,1002.8809,true
182,2021-10-07 00:30:00 UTC,1002287786,mrhood,49,996.7624,true
182,2021-10-07 00:30:00 UTC,1001795535,rrobilla51,49,996.7624,true
182,2021-10-07 00:30:00 UTC,1024663573,_Clipper,51,982.4896,true
182,2021-10-07 00:30:00 UTC,1016999607,King_Marc,52,824.2411,true
183,2021-10-09 00:30:00 UTC,1032786023,G4YM3R_J3RK0V,1,1222.4206,true
183,2021-10-09 00:30:00 UTC,1000576618,Hot_Metal_321,2,1174.5665,true
183,2021-10-09 00:30:00 UTC,1026253618,JellyFishBob_,3,1138.1845,true
183,2021-10-09 00:30:00 UTC,1037333497,The_Might_Mun,4,1128.6263,true
183,2021-10-09 00:30:00 UTC,1014830115,blakyce,5,1123.437,true
183,2021-10-09 00:30:00 UTC,1001106853,Althalus_,6,1114.595,true
183,2021-10-09 00:30:00 UTC,1005138585,Spirtwalker,7,1114.4199,false
183,2021-10-09 00:30:00 UTC,1002493006,Muscles1_CLLEGEND,8,1112.0025,false
183,2021-10-09 00:30:00 UTC,1005621757,JonJon__BingChiLing,8,1112.0025,true
183,2021-10-09 00:30:00 UTC,1002941835,Delta_Tinderthot,10,1103.1355,true
183,2021-10-09 00:30:00 UTC,1002617437,klud_FastFarming_Copium,10,1103.1355,true
183,2021-10-09 00:30:00 UTC,1008754025,KAM_Akazi,12,1102.0394,true
183,2021-10-09 00:30:00 UTC,1002245161,blooptev,12,1102.0394,false
183,2021-10-09 00:30:00 UTC,1001797247,707_horsepower,14,1097.5654,true
183,2021-10-09 00:30:00 UTC,1000219891,_Jerm_,15,1086.1309,false
183,2021-10-09 00:30:00 UTC,1002797165,Fulcrous_really_heckin,16,1073.2521,true
183,2021-10-09 00:30:00 UTC,1007805675,Intentionally_Obtuse,17,1069.9206,true
183,2021-10-09 00:30:00 UTC,1003248048,UnknownRocket,18,1059.3746,true
183,2021-10-09 00:30:00 UTC,1002545548,Tokenark,19,1054.1853,true
183,2021-10-09 00:30:00 UTC,1000544972,Vyraall,19,1054.1853,false
183,2021-10-09 00:30:00 UTC,1001806641,mereelskirata,19,1054.1853,true
183,2021-10-09 00:30:00 UTC,1031586881,FISHYatPURDUEwitFALCON,19,1054.1853,false
183,2021-10-09 00:30:00 UTC,1000741886,Buck_Wild,19,1054.1853,true
183,2021-10-09 00:30:00 UTC,1003482352,SmyleeRage,24,1050.5076,false
183,2021-10-09 00:30:00 UTC,1024663573,_Clipper,25,1045.3433,true
183,2021-10-09 00:30:00 UTC,1037642945,Kan3_,26,1042.7508,true
183,2021-10-09 00:30:00 UTC,1006140992,Nighty_Sporaddict,26,1042.7508,true
183,2021-10-09 00:30:00 UTC,1001610323,stussy,28,1041.1074,true
183,2021-10-09 00:30:00 UTC,1004420660,Get_Clicked_On,29,1030.4554,false
183,2021-10-09 00:30:00 UTC,1001795535,rrobilla51,30,1029.4348,true
183,2021-10-09 00:30:00 UTC,1019033872,CrimsonRedLineSniper,31,1018.7911,true
183,2021-10-09 00:30:00 UTC,1005120771,foodprinter,31,1018.7911,false
183,2021-10-09 00:30:00 UTC,1014844617,Mistaken_Identity,31,1018.7911,true
183,2021-10-09 00:30:00 UTC,1003505918,SkylineSC,31,1018.7911,false
183,2021-10-09 00:30:00 UTC,1009011702,Chrlie,35,1008.2451,true
183,2021-10-09 00:30:00 UTC,1006876211,Passive_Yellow_Sticker,36,991.6213,true
183,2021-10-09 00:30:00 UTC,1000986277,Bolt___Best_Dirt_Shooter,36,991.6213,false
183,2021-10-09 00:30:00 UTC,1001255155,chase_no_cinco,36,991.6213,false
183,2021-10-09 00:30:00 UTC,1002278436,_Tigr,36,991.6213,true
183,2021-10-09 00:30:00 UTC,1003882821,PM_Loves_Hoarce,36,991.6213,false
183,2021-10-09 00:30:00 UTC,1003889973,Kentucky_,36,991.6213,false
183,2021-10-09 00:30:00 UTC,1004898677,AmigoDeEscuela,36,991.6213,true
183,2021-10-09 00:30:00 UTC,1000061548,Sarsasaurus,36,991.6213,true
183,2021-10-09 00:30:00 UTC,1007688870,menegate,36,991.6213,true
183,2021-10-09 00:30:00 UTC,1010656127,RZ2000,36,991.6213,true
183,2021-10-09 00:30:00 UTC,1012372881,potatoe_,36,991.6213,true
183,2021-10-09 00:30:00 UTC,1014248385,The_GreatOne,36,991.6213,true
183,2021-10-09 00:30:00 UTC,1021450210,dart_monkey,36,991.6213,true
183,2021-10-09 00:30:00 UTC,1036214753,LargeForeignObject,36,991.6213,false
183,2021-10-09 00:30:00 UTC,1036771081,_Tigr_ButNoChief,36,991.6213,true
183,2021-10-09 00:30:00 UTC,2000452409,SeeGaul98,36,991.6213,false
183,2021-10-09 00:30:00 UTC,2016842462,isaak34,36,991.6213,false
183,2021-10-09 00:30:00 UTC,1006327846,Bombaybacon,53,983.2902,true
183,2021-10-09 00:30:00 UTC,1005507559,Sadge,54,949.5394,true
183,2021-10-09 00:30:00 UTC,1004568114,Seas_,54,949.5394,true
183,2021-10-09 00:30:00 UTC,1002642191,Edge_of_Insanity,54,949.5394,true
183,2021-10-09 00:30:00 UTC,1039747390,reactionary_LESSGOOO,57,935.9458,true
183,2021-10-09 00:30:00 UTC,1002353020,phanzo_hairline_go_brrr,58,920.7262,true
183,2021-10-09 00:30:00 UTC,1001929616,Gary619,58,920.7262,true
183,2021-10-09 00:30:00 UTC,1003290437,TheBigHam_,60,892.8183,true
184,2021-10-14 00:30:00 UTC,1014844617,Mistaken_Identity,1,1716.0204,true
184,2021-10-14 00:30:00 UTC,1006876211,Passive_Yellow_Sticker,2,1693.4209,true
184,2021-10-14 00:30:00 UTC,1004568114,Seas_,3,1680.7935,true
184,2021-10-14 00:30:00 UTC,1002278436,_Tigr,4,1631.8635,true
184,2021-10-14 00:30:00 UTC,1036771081,_Tigr_ButNoChief,4,1631.8635,true
184,2021-10-14 00:30:00 UTC,1000741886,Buck_Wild,6,1630.8034,true
184,2021-10-14 00:30:00 UTC,1010144318,beachead08,7,1628.6139,true
184,2021-10-14 00:30:00 UTC,1003882821,PM_Loves_Hoarce,8,1626.2921,false
184,2021-10-14 00:30:00 UTC,1005120771,foodprinter,9,1625.2138,false
184,2021-10-14 00:30:00 UTC,1019033872,CrimsonRedLineSniper,10,1621.9156,true
184,2021-10-14 00:30:00 UTC,1007805675,Intentionally_Obtuse,11,1621.5737,true
184,2021-10-14 00:30:00 UTC,1006277106,SGrant7,12,1613.926,true
184,2021-10-14 00:30:00 UTC,1002465274,heavymetal1967,13,1603.3524,true
184,2021-10-14 00:30:00 UTC,1000061548,Sarsasaurus,13,1603.3524,true
184,2021-10-14 00:30:00 UTC,1001255155,chase_no_cinco,15,1601.519,false
184,2021-10-14 00:30:00 UTC,1002493006,Muscles1_CLLEGEND,16,1574.5517,false
184,2021-10-14 00:30:00 UTC,1001106853,Althalus_,17,1573.7509,true
184,2021-10-14 00:30:00 UTC,1002523155,thehobostrangle,18,1572.9574,true
184,2021-10-14 00:30:00 UTC,1032786023,G4YM3R_J3RK0V,19,1566.0944,true
184,2021-10-14 00:30:00 UTC,1000986277,Bolt___Best_Dirt_Shooter,20,1561.4715,false
184,2021-10-14 00:30:00 UTC,1003505918,SkylineSC,21,1556.9957,false
184,2021-10-14 00:30:00 UTC,1006140992,Nighty_Sporaddict,22,1553.1158,true
184,2021-10-14 00:30:00 UTC,1000576618,Hot_Metal_321,23,1550.0971,true
184,2021-10-14 00:30:00 UTC,1037642945,Kan3_,23,1550.0971,true
184,2021-10-14 00:30:00 UTC,1002545548,Tokenark,25,1545.7412,true
184,2021-10-14 00:30:00 UTC,1006327846,Bombaybacon,26,1543.4397,true
184,2021-10-14 00:30:00 UTC,1036214753,LargeForeignObject,27,1521.2964,false
184,2021-10-14 00:30:00 UTC,1002941835,Delta_Tinderthot,28,1515.2368,true
184,2021-10-14 00:30:00 UTC,1005621757,JonJon__BingChiLing,29,1513.5285,true
184,2021-10-14 00:30:00 UTC,1014248385,The_GreatOne,29,1513.5285,true
184,2021-10-14 00:30:00 UTC,1002617437,klud_FastFarming_Copium,31,1506.3446,true
184,2021-10-14 00:30:00 UTC,1021450210,dart_monkey,32,1502.6899,true
184,2021-10-14 00:30:00 UTC,1004898677,AmigoDeEscuela,33,1499.1497,true
184,2021-10-14 00:30:00 UTC,1000544972,Vyraall,34,1496.2578,false
184,2021-10-14 00:30:00 UTC,1005138585,Spirtwalker,35,1491.8949,false
184,2021-10-14 00:30:00 UTC,1010656127,RZ2000,36,1491.5353,true
184,2021-10-14 00:30:00 UTC,1024663573,_Clipper,37,1486.0695,true
184,2021-10-14 00:30:00 UTC,1025785336,sodeaddan,38,1482.7639,true
184,2021-10-14 00:30:00 UTC,1000219891,_Jerm_,39,1463.3341,false
184,2021-10-14 00:30:00 UTC,1003889973,Kentucky_,40,1459.2978,false
184,2021-10-14 00:30:00 UTC,1002245161,blooptev,41,1443.5923,false
184,2021-10-14 00:30:00 UTC,1004420660,Get_Clicked_On,42,1438.9012,false
184,2021-10-14 00:30:00 UTC,1001408420,BeachVolleyba11Legend,43,1438.1265,true
184,2021-10-14 00:30:00 UTC,1026253618,JellyFishBob_,44,1434.8209,true
184,2021-10-14 00:30:00 UTC,1003534925,riseglory,45,1431.4508,true
184,2021-10-14 00:30:00 UTC,1014932883,tablito,46,1431.2279,false
184,2021-10-14 00:30:00 UTC,1001610323,stussy,47,1430.5121,true
184,2021-10-14 00:30:00 UTC,1002642191,Edge_of_Insanity,47,1430.5121,true
184,2021-10-14 00:30:00 UTC,1037333497,The_Might_Mun,49,1429.0922,true
184,2021-10-14 00:30:00 UTC,1010576171,MjayB,50,1419.7077,true
184,2021-10-14 00:30:00 UTC,1005507559,Sadge,51,1412.8091,true
184,2021-10-14 00:30:00 UTC,1001797247,707_horsepower,52,1408.3654,true
184,2021-10-14 00:30:00 UTC,1007688870,menegate,53,1404.3839,true
184,2021-10-14 00:30:00 UTC,1001929616,Gary619,54,1402.0043,true
184,2021-10-14 00:30:00 UTC,1012279867,mx119,55,1395.2852,true
184,2021-10-14 00:30:00 UTC,1008372679,Seely1v29,55,1395.2852,true
184,2021-10-14 00:30:00 UTC,1012372881,potatoe_,55,1395.2852,true
184,2021-10-14 00:30:00 UTC,1001795535,rrobilla51,58,1374.0061,true
184,2021-10-14 00:30:00 UTC,1002552495,DividerZ,59,1351.9048,true
184,2021-10-14 00:30:00 UTC,1008754025,KAM_Akazi,60,1327.4432,true
184,2021-10-14 00:30:00 UTC,2016842462,isaak34,61,1269.5174,false
184,2021-10-14 00:30:00 UTC,1031586881,FISHYatPURDUEwitFALCON,62,1246.4292,false
184,2021-10-14 00:30:00 UTC,1009296891,mexicangeek12,63,1237.4926,true
184,2021-10-14 00:30:00 UTC,1001112707,RenamedUser_ERROR,64,1236.4326,true
184,2021-10-14 00:30:00 UTC,1039747390,reactionary_LESSGOOO,65,1225.894,true
184,2021-10-14 00:30:00 UTC,1009011702,Chrlie,66,1211.2023,true
184,2021-10-14 00:30:00 UTC,1005480207,TheOrangeGuy,67,672.7558,true
184,2021-10-14 00:30:00 UTC,1019246289,SuperNova_o7,68,255.7666,false
190,2021-10-19 00:30:00 UTC,1039747390,reactionary_LESSGOOO,1,1327.6086,true
190,2021-10-19 00:30:00 UTC,1006277106,SGrant7,1,1327.6086,true
190,2021-10-19 00:30:00 UTC,1019033872,CrimsonRedLineSniper,3,1314.5842,true
190,2021-10-19 00:30:00 UTC,1005138585,Spirtwalker,4,1308.9102,false
190,2021-10-19 00:30:00 UTC,1001929616,Gary619,5,1308.5044,true
190,2021-10-19 00:30:00 UTC,1003388289,frankster159,6,1304.6699,true
190,2021-10-19 00:30:00 UTC,1000986277,Bolt___Best_Dirt_Shooter,7,1301.8047,false
190,2021-10-19 00:30:00 UTC,1005507559,Sadge,8,1283.2974,true
190,2021-10-19 00:30:00 UTC,1010656127,RZ2000,8,1283.2974,true
190,2021-10-19 00:30:00 UTC,1010144318,beachead08,8,1283.2974,true
190,2021-10-19 00:30:00 UTC,1004568114,Seas_,11,1277.0425,true
190,2021-10-19 00:30:00 UTC,1001795535,rrobilla51,12,1273.765,true
190,2021-10-19 00:30:00 UTC,1003482352,SmyleeRage,13,1271.993,false
190,2021-10-19 00:30:00 UTC,1001106853,Althalus_,14,1260.4069,true
190,2021-10-19 00:30:00 UTC,1001797247,707_horsepower,15,1254.7801,true
190,2021-10-19 00:30:00 UTC,1002347454,xWilderness,16,1252.9406,true
190,2021-10-19 00:30:00 UTC,1006140992,Nighty_Sporaddict,17,1243.2053,true
190,2021-10-19 00:30:00 UTC,1002523155,thehobostrangle,18,1242.3915,true
190,2021-10-19 00:30:00 UTC,1002493006,Muscles1_CLLEGEND,18,1242.3915,false
190,2021-10-19 00:30:00 UTC,1005451779,harrydeli_,18,1242.3915,true
190,2021-10-19 00:30:00 UTC,1012279867,mx119,21,1237.4682,true
190,2021-10-19 00:30:00 UTC,1016999607,King_Marc,21,1237.4682,true
190,2021-10-19 00:30:00 UTC,1002545548,Tokenark,21,1237.4682,true
190,2021-10-19 00:30:00 UTC,1037642945,Kan3_,21,1237.4682,true
190,2021-10-19 00:30:00 UTC,1006327846,Bombaybacon,25,1236.7852,true
190,2021-10-19 00:30:00 UTC,1014248385,The_GreatOne,26,1234.2297,true
190,2021-10-19 00:30:00 UTC,1003534925,riseglory,27,1212.5354,true
190,2021-10-19 00:30:00 UTC,1002642191,Edge_of_Insanity,27,1212.5354,true
190,2021-10-19 00:30:00 UTC,1002941835,Delta_Tinderthot,29,1211.3331,true
190,2021-10-19 00:30:00 UTC,1003505918,SkylineSC,30,1211.0542,false
190,2021-10-19 00:30:00 UTC,2016842462,isaak34,30,1211.0542,false
190,2021-10-19 00:30:00 UTC,1021450210,dart_monkey,32,1203.2346,true
190,2021-10-19 00:30:00 UTC,1000061548,Sarsasaurus,33,1194.5682,true
190,2021-10-19 00:30:00 UTC,1007805675,Intentionally_Obtuse,33,1194.5682,true
190,2021-10-19 00:30:00 UTC,1024663573,_Clipper,35,1189.6449,true
190,2021-10-19 00:30:00 UTC,1025785336,sodeaddan,36,1188.7853,true
190,2021-10-19 00:30:00 UTC,1000576618,Hot_Metal_321,36,1188.7853,true
190,2021-10-19 00:30:00 UTC,1009011702,Chrlie,38,1186.033,true
190,2021-10-19 00:30:00 UTC,1031586881,FISHYatPURDUEwitFALCON,39,1181.8641,false
190,2021-10-19 00:30:00 UTC,1000544972,Vyraall,40,1173.1078,false
190,2021-10-19 00:30:00 UTC,1010750898,Ruev__InsertANewIGN__,41,1171.8973,true
190,2021-10-19 00:30:00 UTC,1004898677,AmigoDeEscuela,42,1171.6295,true
190,2021-10-19 00:30:00 UTC,1014830115,blakyce,42,1171.6295,true
190,2021-10-19 00:30:00 UTC,1005621757,JonJon__BingChiLing,42,1171.6295,true
190,2021-10-19 00:30:00 UTC,1003889973,Kentucky_,45,1170.9256,false
190,2021-10-19 00:30:00 UTC,1008754025,KAM_Akazi,46,1170.2726,true
190,2021-10-19 00:30:00 UTC,1003882821,PM_Loves_Hoarce,47,1159.7172,false
190,2021-10-19 00:30:00 UTC,1002245161,blooptev,48,1151.2403,false
190,2021-10-19 00:30:00 UTC,1032786023,G4YM3R_J3RK0V,49,1146.3136,true
190,2021-10-19 00:30:00 UTC,1001610323,stussy,50,1142.8015,true
190,2021-10-19 00:30:00 UTC,1002278436,_Tigr,51,1135.9206,true
190,2021-10-19 00:30:00 UTC,1036771081,_Tigr_ButNoChief,51,1135.9206,true
190,2021-10-19 00:30:00 UTC,1000741886,Buck_Wild,53,1129.4796,true
190,2021-10-19 00:30:00 UTC,1036214753,LargeForeignObject,54,1129.1578,false
190,2021-10-19 00:30:00 UTC,1000219891,_Jerm_,55,1121.6623,false
190,2021-10-19 00:30:00 UTC,1001255155,chase_no_cinco,56,1109.5066,false
190,2021-10-19 00:30:00 UTC,1003248048,UnknownRocket,57,1109.2626,true
190,2021-10-19 00:30:00 UTC,1012372881,potatoe_,58,1098.6868,true
190,2021-10-19 00:30:00 UTC,1026253618,JellyFishBob_,59,1081.9129,true
190,2021-10-19 00:30:00 UTC,1014844617,Mistaken_Identity,60,1080.4749,true
190,2021-10-19 00:30:00 UTC,1004420660,Get_Clicked_On,61,1057.858,false
190,2021-10-19 00:30:00 UTC,1005120771,foodprinter,62,1037.6605,false
191,2021-10-21 00:30:00 UTC,1005138585,Spirtwalker,1,2078.2818,false
191,2021-10-21 00:30:00 UTC,1001255155,chase_no_cinco,1,2078.2818,false
191,2021-10-21 00:30:00 UTC,1002498770,Goldenfury3,3,1970.2659,true
191,2021-10-21 00:30:00 UTC,1000810807,External007,4,1953.2364,false
191,2021-10-21 00:30:00 UTC,1000544972,Vyraall,5,1952.2654,false
191,2021-10-21 00:30:00 UTC,1001797247,707_horsepower,5,1952.2654,true
191,2021-10-21 00:30:00 UTC,1025785336,sodeaddan,7,1932.9778,true
191,2021-10-21 00:30:00 UTC,1010144318,beachead08,8,1931.2574,true
191,2021-10-21 00:30:00 UTC,1036771081,_Tigr_ButNoChief,8,1931.2574,true
191,2021-10-21 00:30:00 UTC,1002278436,_Tigr,8,1931.2574,true
191,2021-10-21 00:30:00 UTC,1003505918,SkylineSC,11,1906.7952,false
191,2021-10-21 00:30:00 UTC,1021450210,dart_monkey,11,1906.7952,true
191,2021-10-21 00:30:00 UTC,1001106853,Althalus_,13,1895.7936,true
191,2021-10-21 00:30:00 UTC,1019033872,CrimsonRedLineSniper,14,1867.8754,true
191,2021-10-21 00:30:00 UTC,1031586881,FISHYatPURDUEwitFALCON,14,1867.8754,false
191,2021-10-21 00:30:00 UTC,1003889973,Kentucky_,16,1867.4332,false
191,2021-10-21 00:30:00 UTC,1010656127,RZ2000,16,1867.4332,true
191,2021-10-21 00:30:00 UTC,1002493006,Muscles1_CLLEGEND,16,1867.4332,false
191,2021-10-21 00:30:00 UTC,1002523155,thehobostrangle,16,1867.4332,true
191,2021-10-21 00:30:00 UTC,1000576618,Hot_Metal_321,20,1839.942,true
191,2021-10-21 00:30:00 UTC,1014932883,tablito,21,1835.4236,false
191,2021-10-21 00:30:00 UTC,1024663573,_Clipper,21,1835.4236,true
191,2021-10-21 00:30:00 UTC,1004420660,Get_Clicked_On,23,1832.4116,false
191,2021-10-21 00:30:00 UTC,1000741886,Buck_Wild,24,1828.5134,true
191,2021-10-21 00:30:00 UTC,1014248385,The_GreatOne,25,1796.5038,true
191,2021-10-21 00:30:00 UTC,1006140992,Nighty_Sporaddict,26,1767.2603,true
191,2021-10-21 00:30:00 UTC,1001610323,stussy,27,1766.85,true
191,2021-10-21 00:30:00 UTC,1039747390,reactionary_LESSGOOO,28,1764.4682,true
191,2021-10-21 00:30:00 UTC,1005621757,JonJon__BingChiLing,29,1741.4168,true
191,2021-10-21 00:30:00 UTC,1000061548,Sarsasaurus,30,1720.4088,true
191,2021-10-21 00:30:00 UTC,1006327846,Bombaybacon,31,1709.575,true
191,2021-10-21 00:30:00 UTC,1036214753,LargeForeignObject,32,1709.4072,false
191,2021-10-21 00:30:00 UTC,1007805675,Intentionally_Obtuse,32,1709.4072,true
191,2021-10-21 00:30:00 UTC,1001929616,Gary619,34,1703.468,true
191,2021-10-21 00:30:00 UTC,1001795535,rrobilla51,35,1692.6023,true
191,2021-10-21 00:30:00 UTC,1037333497,The_Might_Mun,36,1690.0846,true
191,2021-10-21 00:30:00 UTC,1032786023,G4YM3R_J3RK0V,37,1688.3992,true
191,2021-10-21 00:30:00 UTC,1012279867,mx119,37,1688.3992,true
191,2021-10-21 00:30:00 UTC,1005480207,TheOrangeGuy,39,1684.945,true
191,2021-10-21 00:30:00 UTC,1012372881,potatoe_,39,1684.945,true
191,2021-10-21 00:30:00 UTC,1006277106,SGrant7,39,1684.945,true
191,2021-10-21 00:30:00 UTC,1008754025,KAM_Akazi,42,1656.6595,true
191,2021-10-21 00:30:00 UTC,1014844617,Mistaken_Identity,43,1646.0252,true
191,2021-10-21 00:30:00 UTC,1003248048,UnknownRocket,44,1602.8179,true
191,2021-10-21 00:30:00 UTC,1009011702,Chrlie,45,1588.731,true
191,2021-10-21 00:30:00 UTC,1000986277,Bolt___Best_Dirt_Shooter,46,1555.34,false
191,2021-10-21 00:30:00 UTC,1014830115,blakyce,46,1555.34,true
191,2021-10-21 00:30:00 UTC,1002545548,Tokenark,48,1537.9206,true
191,2021-10-21 00:30:00 UTC,1005120771,foodprinter,49,1513.2637,false
191,2021-10-21 00:30:00 UTC,1003482352,SmyleeRage,50,1496.952,false
191,2021-10-21 00:30:00 UTC,1037642945,Kan3_,51,1450.1005,true
191,2021-10-21 00:30:00 UTC,1002642191,Edge_of_Insanity,52,1449.3187,true
191,2021-10-21 00:30:00 UTC,1000219891,_Jerm_,53,1445.2996,false
191,2021-10-21 00:30:00 UTC,1026253618,JellyFishBob_,54,1371.1314,true
191,2021-10-21 00:30:00 UTC,1005507559,Sadge,55,1357.785,true
191,2021-10-21 00:30:00 UTC,1003882821,PM_Loves_Hoarce,56,1282.8906,false
191,2021-10-21 00:30:00 UTC,1002941835,Delta_Tinderthot,57,1235.844,true
192,2021-10-23 00:30:00 UTC,1005120771,foodprinter,1,1645.7926,false
192,2021-10-23 00:30:00 UTC,1014248385,The_GreatOne,2,1587.2728,true
192,2021-10-23 00:30:00 UTC,1025785336,sodeaddan,3,1468.7768,true
192,2021-10-23 00:30:00 UTC,1014844617,Mistaken_Identity,4,1419.6108,true
192,2021-10-23 00:30:00 UTC,1008754025,KAM_Akazi,5,1399.4141,true
192,2021-10-23 00:30:00 UTC,1001106853,Althalus_,6,1395.5128,true
192,2021-10-23 00:30:00 UTC,1005621757,JonJon__BingChiLing,7,1388.9318,true
192,2021-10-23 00:30:00 UTC,1005480207,TheOrangeGuy,7,1388.9318,true
192,2021-10-23 00:30:00 UTC,2016842462,isaak34,7,1388.9318,false
192,2021-10-23 00:30:00 UTC,1001255155,chase_no_cinco,10,1352.4489,false
192,2021-10-23 00:30:00 UTC,1012279867,mx119,11,1351.6604,true
192,2021-10-23 00:30:00 UTC,1002941835,Delta_Tinderthot,12,1332.7193,true
192,2021-10-23 00:30:00 UTC,1002353020,phanzo_hairline_go_brrr,13,1322.7833,true
192,2021-10-23 00:30:00 UTC,1003151979,SLICK_67,14,1310.1366,true
192,2021-10-23 00:30:00 UTC,1001610323,stussy,14,1310.1366,true
192,2021-10-23 00:30:00 UTC,1005138585,Spirtwalker,16,1309.7666,false
192,2021-10-23 00:30:00 UTC,1006458780,boy_1der,17,1289.029,true
192,2021-10-23 00:30:00 UTC,1001929616,Gary619,17,1289.029,true
192,2021-10-23 00:30:00 UTC,1024663573,_Clipper,17,1289.029,true
192,2021-10-23 00:30:00 UTC,2000452409,SeeGaul98,17,1289.029,false
192,2021-10-23 00:30:00 UTC,1014830115,blakyce,17,1289.029,true
192,2021-10-23 00:30:00 UTC,1026253618,JellyFishBob_,22,1286.3004,true
192,2021-10-23 00:30:00 UTC,1002493006,Muscles1_CLLEGEND,23,1276.729,false
192,2021-10-23 00:30:00 UTC,1036214753,LargeForeignObject,24,1266.8586,false
192,2021-10-23 00:30:00 UTC,1000544972,Vyraall,25,1257.0819,false
192,2021-10-23 00:30:00 UTC,1006140992,Nighty_Sporaddict,26,1246.9812,true
192,2021-10-23 00:30:00 UTC,1012372881,potatoe_,27,1222.8805,true
192,2021-10-23 00:30:00 UTC,1007805675,Intentionally_Obtuse,28,1222.3061,true
192,2021-10-23 00:30:00 UTC,1000061548,Sarsasaurus,29,1213.3091,true
192,2021-10-23 00:30:00 UTC,1002498770,Goldenfury3,30,1196.6671,true
192,2021-10-23 00:30:00 UTC,1004420660,Get_Clicked_On,31,1193.662,false
192,2021-10-23 00:30:00 UTC,1010656127,RZ2000,32,1176.8262,true
192,2021-10-23 00:30:00 UTC,1003505918,SkylineSC,32,1176.8262,false
192,2021-10-23 00:30:00 UTC,1003534925,riseglory,32,1176.8262,true
192,2021-10-23 00:30:00 UTC,1003882821,PM_Loves_Hoarce,32,1176.8262,false
192,2021-10-23 00:30:00 UTC,1002545548,Tokenark,32,1176.8262,true
192,2021-10-23 00:30:00 UTC,1032786023,G4YM3R_J3RK0V,32,1176.8262,true
192,2021-10-23 00:30:00 UTC,1006327846,Bombaybacon,32,1176.8262,true
192,2021-10-23 00:30:00 UTC,1021450210,dart_monkey,32,1176.8262,true
192,2021-10-23 00:30:00 UTC,1000741886,Buck_Wild,40,1152.3485,true
192,2021-10-23 00:30:00 UTC,1002642191,Edge_of_Insanity,40,1152.3485,true
192,2021-10-23 00:30:00 UTC,1002245161,blooptev,42,1149.5192,false
192,2021-10-23 00:30:00 UTC,1000986277,Bolt___Best_Dirt_Shooter,43,1147.7146,false
192,2021-10-23 00:30:00 UTC,1010144318,beachead08,44,1136.4609,true
192,2021-10-23 00:30:00 UTC,1031586881,FISHYatPURDUEwitFALCON,45,1132.8481,false
192,2021-10-23 00:30:00 UTC,1037642945,Kan3_,46,1126.2483,true
192,2021-10-23 00:30:00 UTC,1002523155,thehobostrangle,47,1125.4786,true
192,2021-10-23 00:30:00 UTC,1001806641,mereelskirata,48,1110.6777,true
192,2021-10-23 00:30:00 UTC,1001797247,707_horsepower,49,1091.2136,true
192,2021-10-23 00:30:00 UTC,1006277106,SGrant7,50,1025.5758,true
192,2021-10-23 00:30:00 UTC,1036771081,_Tigr_ButNoChief,50,1025.5758,true
192,2021-10-23 00:30:00 UTC,1009011702,Chrlie,50,1025.5758,true
192,2021-10-23 00:30:00 UTC,1002278436,_Tigr,50,1025.5758,true
192,2021-10-23 00:30:00 UTC,1000219891,_Jerm_,54,1021.8694,false
192,2021-10-23 00:30:00 UTC,1005507559,Sadge,55,993.5432,true
192,2021-10-23 00:30:00 UTC,1007495359,AnotherRiggedLoss,56,941.8883,true
192,2021-10-23 00:30:00 UTC,1009323693,Fred_YUH________________,56,941.8883,true
192,2021-10-23 00:30:00 UTC,1001795535,rrobilla51,58,917.4922,true
192,2021-10-23 00:30:00 UTC,1002641327,coolcoolcoolnow,59,773.7431,true
192,2021-10-23 00:30:00 UTC,1011853899,DrapsM,60,79.6866,false
193,2021-10-26 00:30:00 UTC,1004420660,Get_Clicked_On,1,2040.4263,false
193,2021-10-26 00:30:00 UTC,1005138585,Spirtwalker,1,2040.4263,false
193,2021-10-26 00:30:00 UTC,1009011702,Chrlie,1,2040.4263,true
193,2021-10-26 00:30:00 UTC,1000061548,Sarsasaurus,4,2029.7908,true
193,2021-10-26 00:30:00 UTC,1000986277,Bolt___Best_Dirt_Shooter,5,2029.4495,false
193,2021-10-26 00:30:00 UTC,1002493006,Muscles1_CLLEGEND,6,1913.5162,false
193,2021-10-26 00:30:00 UTC,1001106853,Althalus_,7,1912.4176,true
193,2021-10-26 00:30:00 UTC,1003889973,Kentucky_,7,1912.4176,false
193,2021-10-26 00:30:00 UTC,1008754025,KAM_Akazi,9,1902.5394,true
193,2021-10-26 00:30:00 UTC,1014844617,Mistaken_Identity,10,1871.2614,true
193,2021-10-26 00:30:00 UTC,1002523155,thehobostrangle,11,1857.1248,true
193,2021-10-26 00:30:00 UTC,1001929616,Gary619,12,1853.3782,true
193,2021-10-26 00:30:00 UTC,1001255155,chase_no_cinco,13,1847.2466,false
193,2021-10-26 00:30:00 UTC,1002245161,blooptev,14,1832.6035,false
193,2021-10-26 00:30:00 UTC,1014830115,blakyce,15,1826.6428,true
193,2021-10-26 00:30:00 UTC,1012279867,mx119,16,1802.889,true
193,2021-10-26 00:30:00 UTC,1003534925,riseglory,17,1780.4282,true
193,2021-10-26 00:30:00 UTC,1006140992,Nighty_Sporaddict,18,1780.1672,true
193,2021-10-26 00:30:00 UTC,1006277106,SGrant7,18,1780.1672,true
193,2021-10-26 00:30:00 UTC,1010656127,RZ2000,18,1780.1672,true
193,2021-10-26 00:30:00 UTC,1021450210,dart_monkey,18,1780.1672,true
193,2021-10-26 00:30:00 UTC,1039747390,reactionary_LESSGOOO,22,1770.289,true
193,2021-10-26 00:30:00 UTC,1031586881,FISHYatPURDUEwitFALCON,22,1770.289,false
193,2021-10-26 00:30:00 UTC,1010144318,beachead08,22,1770.289,true
193,2021-10-26 00:30:00 UTC,1036771081,_Tigr_ButNoChief,22,1770.289,true
193,2021-10-26 00:30:00 UTC,1002278436,_Tigr,22,1770.289,true
193,2021-10-26 00:30:00 UTC,1006327846,Bombaybacon,22,1770.289,true
193,2021-10-26 00:30:00 UTC,1003505918,SkylineSC,28,1766.2916,false
193,2021-10-26 00:30:00 UTC,1002465274,heavymetal1967,29,1726.4681,true
193,2021-10-26 00:30:00 UTC,1002642191,Edge_of_Insanity,29,1726.4681,true
193,2021-10-26 00:30:00 UTC,2016842462,isaak34,29,1726.4681,false
193,2021-10-26 00:30:00 UTC,1036214753,LargeForeignObject,29,1726.4681,false
193,2021-10-26 00:30:00 UTC,1032786023,G4YM3R_J3RK0V,29,1726.4681,true
193,2021-10-26 00:30:00 UTC,1005507559,Sadge,34,1721.6975,true
193,2021-10-26 00:30:00 UTC,1037642945,Kan3_,35,1718.9357,true
193,2021-10-26 00:30:00 UTC,1026253618,JellyFishBob_,36,1707.2172,true
193,2021-10-26 00:30:00 UTC,1000219891,_Jerm_,37,1686.1012,false
193,2021-10-26 00:30:00 UTC,1014248385,The_GreatOne,38,1665.39,true
193,2021-10-26 00:30:00 UTC,1005480207,TheOrangeGuy,39,1645.6556,true
193,2021-10-26 00:30:00 UTC,1030636964,yurnero_,40,1642.2803,true
193,2021-10-26 00:30:00 UTC,1005621757,JonJon__BingChiLing,40,1642.2803,true
193,2021-10-26 00:30:00 UTC,1000741886,Buck_Wild,42,1611.0023,true
193,2021-10-26 00:30:00 UTC,1012372881,potatoe_,43,1606.3506,true
193,2021-10-26 00:30:00 UTC,1006458780,boy_1der,43,1606.3506,true
193,2021-10-26 00:30:00 UTC,2000452409,SeeGaul98,43,1606.3506,false
193,2021-10-26 00:30:00 UTC,1016999607,King_Marc,43,1606.3506,true
193,2021-10-26 00:30:00 UTC,1007805675,Intentionally_Obtuse,47,1603.3992,true
193,2021-10-26 00:30:00 UTC,1000810807,External007,48,1590.3628,false
193,2021-10-26 00:30:00 UTC,1002545548,Tokenark,49,1586.9875,true
193,2021-10-26 00:30:00 UTC,1002941835,Delta_Tinderthot,50,1579.8883,true
193,2021-10-26 00:30:00 UTC,1002641327,coolcoolcoolnow,51,1570.3421,true
193,2021-10-26 00:30:00 UTC,1024663573,_Clipper,52,1549.4391,true
193,2021-10-26 00:30:00 UTC,1001112707,RenamedUser_ERROR,53,1498.2243,true
193,2021-10-26 00:30:00 UTC,1001795535,rrobilla51,54,1480.8765,true
193,2021-10-26 00:30:00 UTC,1001797247,707_horsepower,55,1476.2281,true
193,2021-10-26 00:30:00 UTC,1025785336,sodeaddan,56,1427.7555,true
194,2021-10-28 00:30:00 UTC,1007805675,Intentionally_Obtuse,1,1705.833,true
194,2021-10-28 00:30:00 UTC,1024663573,_Clipper,2,1699.6529,true
194,2021-10-28 00:30:00 UTC,1005480207,TheOrangeGuy,3,1697.1012,true
194,2021-10-28 00:30:00 UTC,1009011702,Chrlie,4,1599.3323,true
194,2021-10-28 00:30:00 UTC,1014248385,The_GreatOne,5,1570.9875,true
194,2021-10-28 00:30:00 UTC,1019246289,SuperNova_o7,6,1558.5462,false
194,2021-10-28 00:30:00 UTC,1005451779,harrydeli_,7,1538.8871,true
194,2021-10-28 00:30:00 UTC,1037642945,Kan3_,8,1520.497,true
194,2021-10-28 00:30:00 UTC,2000452409,SeeGaul98,8,1520.497,false
194,2021-10-28 00:30:00 UTC,1036214753,LargeForeignObject,8,1520.497,false
194,2021-10-28 00:30:00 UTC,1000741886,Buck_Wild,8,1520.497,true
194,2021-10-28 00:30:00 UTC,1012372881,potatoe_,8,1520.497,true
194,2021-10-28 00:30:00 UTC,2016842462,isaak34,8,1520.497,false
194,2021-10-28 00:30:00 UTC,1000219891,_Jerm_,14,1516.7149,false
194,2021-10-28 00:30:00 UTC,1000061548,Sarsasaurus,15,1515.3991,true
194,2021-10-28 00:30:00 UTC,1002278436,_Tigr,15,1515.3991,true
194,2021-10-28 00:30:00 UTC,1002523155,thehobostrangle,15,1515.3991,true
194,2021-10-28 00:30:00 UTC,1003534925,riseglory,15,1515.3991,true
194,2021-10-28 00:30:00 UTC,1006140992,Nighty_Sporaddict,15,1515.3991,true
194,2021-10-28 00:30:00 UTC,1006327846,Bombaybacon,15,1515.3991,true
194,2021-10-28 00:30:00 UTC,1010144318,beachead08,15,1515.3991,true
194,2021-10-28 00:30:00 UTC,1010656127,RZ2000,15,1515.3991,true
194,2021-10-28 00:30:00 UTC,1036771081,_Tigr_ButNoChief,15,1515.3991,true
194,2021-10-28 00:30:00 UTC,1006277106,SGrant7,24,1512.8474,true
194,2021-10-28 00:30:00 UTC,1014830115,blakyce,25,1511.4666,true
194,2021-10-28 00:30:00 UTC,1004568114,Seas_,26,1492.4412,true
194,2021-10-28 00:30:00 UTC,1012279867,mx119,27,1490.8353,true
194,2021-10-28 00:30:00 UTC,1015325637,lue113,28,1483.1831,true
194,2021-10-28 00:30:00 UTC,1004420660,Get_Clicked_On,29,1476.4946,false
194,2021-10-28 00:30:00 UTC,1005138585,Spirtwalker,29,1476.4946,false
194,2021-10-28 00:30:00 UTC,1000986277,Bolt___Best_Dirt_Shooter,31,1467.0385,false
194,2021-10-28 00:30:00 UTC,1003248048,UnknownRocket,32,1463.2564,true
194,2021-10-28 00:30:00 UTC,1005120771,foodprinter,33,1446.5112,false
194,2021-10-28 00:30:00 UTC,1002545548,Tokenark,34,1427.4466,true
194,2021-10-28 00:30:00 UTC,1014844617,Mistaken_Identity,35,1425.5749,true
194,2021-10-28 00:30:00 UTC,1001929616,Gary619,35,1425.5749,true
194,2021-10-28 00:30:00 UTC,1021450210,dart_monkey,37,1416.5445,true
194,2021-10-28 00:30:00 UTC,1008754025,KAM_Akazi,38,1394.3833,true
194,2021-10-28 00:30:00 UTC,1026253618,JellyFishBob_,39,1389.3939,true
194,2021-10-28 00:30:00 UTC,1002493006,Muscles1_CLLEGEND,40,1389.2854,false
194,2021-10-28 00:30:00 UTC,1003889973,Kentucky_,41,1379.086,false
194,2021-10-28 00:30:00 UTC,1001255155,chase_no_cinco,42,1349.1376,false
194,2021-10-28 00:30:00 UTC,1001795535,rrobilla51,43,1320.0796,true
194,2021-10-28 00:30:00 UTC,1002941835,Delta_Tinderthot,44,1284.4682,true
194,2021-10-28 00:30:00 UTC,1002642191,Edge_of_Insanity,45,1275.7209,true
194,2021-10-28 00:30:00 UTC,1001106853,Althalus_,45,1275.7209,true
194,2021-10-28 00:30:00 UTC,1000576618,Hot_Metal_321,47,1203.0657,true
194,2021-10-28 00:30:00 UTC,1001797247,707_horsepower,48,1195.4161,true
194,2021-10-28 00:30:00 UTC,1025785336,sodeaddan,49,1031.0472,true
194,2021-10-28 00:30:00 UTC,1002641327,coolcoolcoolnow,50,1024.2529,true
197,2021-11-02 00:30:00 UTC,1003889973,Kentucky_,1,2385.0901,false
197,2021-11-02 00:30:00 UTC,1005621757,JonJon__BingChiLing,1,2385.0901,true
197,2021-11-02 00:30:00 UTC,1003534925,riseglory,3,2281.8753,true
197,2021-11-02 00:30:00 UTC,2016842462,isaak34,3,2281.8753,false
197,2021-11-02 00:30:00 UTC,1001797247,707_horsepower,5,2276.6661,true
197,2021-11-02 00:30:00 UTC,1009011702,Chrlie,6,2236.0598,true
197,2021-11-02 00:30:00 UTC,1010656127,RZ2000,7,2230.8506,true
197,2021-11-02 00:30:00 UTC,1001255155,chase_no_cinco,7,2230.8506,false
197,2021-11-02 00:30:00 UTC,1006140992,Nighty_Sporaddict,7,2230.8506,true
197,2021-11-02 00:30:00 UTC,1021450210,dart_monkey,7,2230.8506,true
197,2021-11-02 00:30:00 UTC,1001106853,Althalus_,11,2230.1558,true
197,2021-11-02 00:30:00 UTC,1025785336,sodeaddan,12,2223.5361,true
197,2021-11-02 00:30:00 UTC,1002278436,_Tigr,13,2215.4097,true
197,2021-11-02 00:30:00 UTC,1036771081,_Tigr_ButNoChief,13,2215.4097,true
197,2021-11-02 00:30:00 UTC,1000061548,Sarsasaurus,15,2206.4886,true
197,2021-11-02 00:30:00 UTC,1002465274,heavymetal1967,15,2206.4886,true
197,2021-11-02 00:30:00 UTC,1004568114,Seas_,15,2206.4886,true
197,2021-11-02 00:30:00 UTC,1006277106,SGrant7,15,2206.4886,true
197,2021-11-02 00:30:00 UTC,1010144318,beachead08,15,2206.4886,true
197,2021-11-02 00:30:00 UTC,1014830115,blakyce,15,2206.4886,true
197,2021-11-02 00:30:00 UTC,2000452409,SeeGaul98,21,2203.5019,false
197,2021-11-02 00:30:00 UTC,1001929616,Gary619,21,2203.5019,true
197,2021-11-02 00:30:00 UTC,1014248385,The_GreatOne,21,2203.5019,true
197,2021-11-02 00:30:00 UTC,1024663573,_Clipper,21,2203.5019,true
197,2021-11-02 00:30:00 UTC,1000576618,Hot_Metal_321,25,2199.4224,true
197,2021-11-02 00:30:00 UTC,1002642191,Edge_of_Insanity,25,2199.4224,true
197,2021-11-02 00:30:00 UTC,1012279867,mx119,27,2150.2152,true
197,2021-11-02 00:30:00 UTC,1000741886,Buck_Wild,28,2133.3244,true
197,2021-11-02 00:30:00 UTC,1008754025,KAM_Akazi,29,2132.1543,true
197,2021-11-02 00:30:00 UTC,1002545548,Tokenark,30,2128.1152,true
197,2021-11-02 00:30:00 UTC,1006327846,Bombaybacon,31,2124.0357,true
197,2021-11-02 00:30:00 UTC,1032786023,G4YM3R_J3RK0V,31,2124.0357,true
197,2021-11-02 00:30:00 UTC,1001795535,rrobilla51,33,2119.1458,true
197,2021-11-02 00:30:00 UTC,1024379279,Crippling_D3pression,34,2067.0983,true
197,2021-11-02 00:30:00 UTC,1000219891,_Jerm_,35,2052.6881,false
197,2021-11-02 00:30:00 UTC,1012372881,potatoe_,36,2050.8715,true
197,2021-11-02 00:30:00 UTC,1014932883,tablito,37,2039.2544,false
197,2021-11-02 00:30:00 UTC,1037642945,Kan3_,38,2019.6508,true
197,2021-11-02 00:30:00 UTC,1001112707,RenamedUser_ERROR,39,1995.7507,true
197,2021-11-02 00:30:00 UTC,1000986277,Bolt___Best_Dirt_Shooter,40,1991.7116,false
197,2021-11-02 00:30:00 UTC,1039747390,reactionary_LESSGOOO,40,1991.7116,true
197,2021-11-02 00:30:00 UTC,1002498770,Goldenfury3,42,1982.9764,true
197,2021-11-02 00:30:00 UTC,1005138585,Spirtwalker,43,1963.8677,false
197,2021-11-02 00:30:00 UTC,1004420660,Get_Clicked_On,43,1963.8677,false
197,2021-11-02 00:30:00 UTC,1005507559,Sadge,45,1915.4995,true
197,2021-11-02 00:30:00 UTC,1014844617,Mistaken_Identity,46,1903.8824,true
197,2021-11-02 00:30:00 UTC,1002493006,Muscles1_CLLEGEND,47,1850.4255,false
197,2021-11-02 00:30:00 UTC,1002523155,thehobostrangle,48,1826.0703,true
197,2021-11-02 00:30:00 UTC,1026253618,JellyFishBob_,49,1817.1492,true
197,2021-11-02 00:30:00 UTC,1033424051,Charan_Kanna,50,1786.3186,true
197,2021-11-02 00:30:00 UTC,1005480207,TheOrangeGuy,51,1741.5788,true
202,2021-11-06 00:30:00 UTC,1002353020,phanzo_hairline_go_brrr,1,2752.9513,true
202,2021-11-06 00:30:00 UTC,1024663573,_Clipper,2,2725.5779,true
202,2021-11-06 00:30:00 UTC,1005361354,Esocks,2,2725.5779,true
202,2021-11-06 00:30:00 UTC,1000741886,Buck_Wild,4,2668.9517,true
202,2021-11-06 00:30:00 UTC,1000810807,External007,4,2668.9517,false
202,2021-11-06 00:30:00 UTC,1006140992,Nighty_Sporaddict,6,2662.6748,true
202,2021-11-06 00:30:00 UTC,1006277106,SGrant7,6,2662.6748,true
202,2021-11-06 00:30:00 UTC,1000061548,Sarsasaurus,6,2662.6748,true
202,2021-11-06 00:30:00 UTC,1004420660,Get_Clicked_On,6,2662.6748,false
202,2021-11-06 00:30:00 UTC,1007805675,Intentionally_Obtuse,10,2561.0598,true
202,2021-11-06 00:30:00 UTC,1002278436,_Tigr,11,2465.8106,true
202,2021-11-06 00:30:00 UTC,1001255155,chase_no_cinco,11,2465.8106,false
202,2021-11-06 00:30:00 UTC,1005480207,TheOrangeGuy,13,2380.3556,true
202,2021-11-06 00:30:00 UTC,1036214753,LargeForeignObject,13,2380.3556,false
202,2021-11-06 00:30:00 UTC,1002493006,Muscles1_CLLEGEND,15,2352.6142,false
202,2021-11-06 00:30:00 UTC,1014844617,Mistaken_Identity,15,2352.6142,true
202,2021-11-06 00:30:00 UTC,1002465274,heavymetal1967,17,2351.6612,true
202,2021-11-06 00:30:00 UTC,1037642945,Kan3_,18,2348.0095,true
202,2021-11-06 00:30:00 UTC,1010144318,beachead08,19,2320.2681,true
202,2021-11-06 00:30:00 UTC,1008754025,KAM_Akazi,20,2317.6429,true
202,2021-11-06 00:30:00 UTC,1012372881,potatoe_,21,2317.4525,true
202,2021-11-06 00:30:00 UTC,1006458780,boy_1der,22,2310.0326,true
202,2021-11-06 00:30:00 UTC,1001795535,rrobilla51,23,2295.988,true
202,2021-11-06 00:30:00 UTC,1026253618,JellyFishBob_,24,2292.3363,true
202,2021-11-06 00:30:00 UTC,1005138585,Spirtwalker,25,2289.7111,false
202,2021-11-06 00:30:00 UTC,1032786023,G4YM3R_J3RK0V,26,2285.1064,true
202,2021-11-06 00:30:00 UTC,1000986277,Bolt___Best_Dirt_Shooter,26,2285.1064,false
202,2021-11-06 00:30:00 UTC,1003889973,Kentucky_,28,2276.0143,false
202,2021-11-06 00:30:00 UTC,1009011702,Chrlie,29,2263.6419,true
202,2021-11-06 00:30:00 UTC,1014830115,blakyce,30,2261.0167,true
202,2021-11-06 00:30:00 UTC,1010656127,RZ2000,31,2257.365,true
202,2021-11-06 00:30:00 UTC,1004568114,Seas_,31,2257.365,true
202,2021-11-06 00:30:00 UTC,1002545548,Tokenark,31,2257.365,true
202,2021-11-06 00:30:00 UTC,1021450210,dart_monkey,31,2257.365,true
202,2021-11-06 00:30:00 UTC,1039747390,reactionary_LESSGOOO,31,2257.365,true
202,2021-11-06 00:30:00 UTC,1002941835,Delta_Tinderthot,36,2183.4914,true
202,2021-11-06 00:30:00 UTC,1001112707,RenamedUser_ERROR,37,2155.8932,true
202,2021-11-06 00:30:00 UTC,1000219891,_Jerm_,38,2124.4304,false
202,2021-11-06 00:30:00 UTC,1005507559,Sadge,39,2115.0064,true
202,2021-11-06 00:30:00 UTC,1001610323,stussy,40,1993.6951,true
202,2021-11-06 00:30:00 UTC,2000452409,SeeGaul98,41,1978.6975,false
202,2021-11-06 00:30:00 UTC,1001797247,707_horsepower,41,1978.6975,true
202,2021-11-06 00:30:00 UTC,2016842462,isaak34,41,1978.6975,false
202,2021-11-06 00:30:00 UTC,1005621757,JonJon__BingChiLing,41,1978.6975,true
202,2021-11-06 00:30:00 UTC,1000576618,Hot_Metal_321,41,1978.6975,true
202,2021-11-06 00:30:00 UTC,1025785336,sodeaddan,41,1978.6975,true
202,2021-11-06 00:30:00 UTC,1014248385,The_GreatOne,41,1978.6975,true
202,2021-11-06 00:30:00 UTC,1002642191,Edge_of_Insanity,48,1910.2125,true
202,2021-11-06 00:30:00 UTC,1001929616,Gary619,49,1765.5113,true
202,2021-11-06 00:30:00 UTC,1036771081,_Tigr_ButNoChief,50,1458.3804,true
202,2021-11-06 00:30:00 UTC,1002498770,Goldenfury3,51,583.3849,true
200,2021-11-04 00:30:00 UTC,1002545548,Tokenark,1,2305.6329,true
200,2021-11-04 00:30:00 UTC,1006140992,Nighty_Sporaddict,2,2290.8967,true
200,2021-11-04 00:30:00 UTC,1039747390,reactionary_LESSGOOO,3,2204.5208,true
200,2021-11-04 00:30:00 UTC,1006277106,SGrant7,4,2134.9653,true
200,2021-11-04 00:30:00 UTC,1000810807,External007,5,2111.08,false
200,2021-11-04 00:30:00 UTC,1001795535,rrobilla51,6,2110.379,true
200,2021-11-04 00:30:00 UTC,1025785336,sodeaddan,7,2091.2002,true
200,2021-11-04 00:30:00 UTC,1004420660,Get_Clicked_On,8,2083.6075,false
200,2021-11-04 00:30:00 UTC,1002523155,thehobostrangle,9,2077.2141,true
200,2021-11-04 00:30:00 UTC,1005621757,JonJon__BingChiLing,10,2076.8868,true
200,2021-11-04 00:30:00 UTC,1014248385,The_GreatOne,10,2076.8868,true
200,2021-11-04 00:30:00 UTC,1032786023,G4YM3R_J3RK0V,12,2070.7745,true
200,2021-11-04 00:30:00 UTC,1009011702,Chrlie,13,2062.4779,true
200,2021-11-04 00:30:00 UTC,1001255155,chase_no_cinco,14,2052.2564,false
200,2021-11-04 00:30:00 UTC,1026253618,JellyFishBob_,15,2040.5925,true
200,2021-11-04 00:30:00 UTC,1000219891,_Jerm_,15,2040.5925,false
200,2021-11-04 00:30:00 UTC,2016842462,isaak34,17,2040.2211,false
200,2021-11-04 00:30:00 UTC,1000265252,spottydog_,17,2040.2211,true
200,2021-11-04 00:30:00 UTC,1001610323,stussy,17,2040.2211,true
200,2021-11-04 00:30:00 UTC,1001797247,707_horsepower,17,2040.2211,true
200,2021-11-04 00:30:00 UTC,1001929616,Gary619,17,2040.2211,true
200,2021-11-04 00:30:00 UTC,1002465274,heavymetal1967,17,2040.2211,true
200,2021-11-04 00:30:00 UTC,1003534925,riseglory,17,2040.2211,true
200,2021-11-04 00:30:00 UTC,1006458780,boy_1der,17,2040.2211,true
200,2021-11-04 00:30:00 UTC,1008754025,KAM_Akazi,17,2040.2211,true
200,2021-11-04 00:30:00 UTC,1012372881,potatoe_,17,2040.2211,true
200,2021-11-04 00:30:00 UTC,1014844617,Mistaken_Identity,17,2040.2211,true
200,2021-11-04 00:30:00 UTC,1014932883,tablito,17,2040.2211,false
200,2021-11-04 00:30:00 UTC,1016999607,King_Marc,17,2040.2211,true
200,2021-11-04 00:30:00 UTC,1024663573,_Clipper,17,2040.2211,true
200,2021-11-04 00:30:00 UTC,1036214753,LargeForeignObject,17,2040.2211,false
200,2021-11-04 00:30:00 UTC,1036771081,_Tigr_ButNoChief,32,2033.8532,true
200,2021-11-04 00:30:00 UTC,1002278436,_Tigr,32,2033.8532,true
200,2021-11-04 00:30:00 UTC,1000061548,Sarsasaurus,32,2033.8532,true
200,2021-11-04 00:30:00 UTC,1000986277,Bolt___Best_Dirt_Shooter,35,2028.3711,false
200,2021-11-04 00:30:00 UTC,1007805675,Intentionally_Obtuse,36,2024.2587,true
200,2021-11-04 00:30:00 UTC,1002493006,Muscles1_CLLEGEND,36,2024.2587,false
200,2021-11-04 00:30:00 UTC,1005120771,foodprinter,38,2023.8762,false
200,2021-11-04 00:30:00 UTC,1010144318,beachead08,39,2021.8179,true
200,2021-11-04 00:30:00 UTC,1006327846,Bombaybacon,39,2021.8179,true
200,2021-11-04 00:30:00 UTC,1004568114,Seas_,39,2021.8179,true
200,2021-11-04 00:30:00 UTC,1021450210,dart_monkey,39,2021.8179,true
200,2021-11-04 00:30:00 UTC,1010656127,RZ2000,39,2021.8179,true
200,2021-11-04 00:30:00 UTC,1014830115,blakyce,44,2018.0204,true
200,2021-11-04 00:30:00 UTC,1002642191,Edge_of_Insanity,45,2015.6348,true
200,2021-11-04 00:30:00 UTC,1003889973,Kentucky_,45,2015.6348,false
200,2021-11-04 00:30:00 UTC,1005138585,Spirtwalker,45,2015.6348,false
200,2021-11-04 00:30:00 UTC,1002353020,phanzo_hairline_go_brrr,48,2009.9679,true
200,2021-11-04 00:30:00 UTC,1002498770,Goldenfury3,49,1991.2489,true
200,2021-11-04 00:30:00 UTC,1005480207,TheOrangeGuy,50,1960.3244,true
200,2021-11-04 00:30:00 UTC,1000741886,Buck_Wild,51,1941.5498,true
200,2021-11-04 00:30:00 UTC,1005507559,Sadge,52,1922.7641,true
200,2021-11-04 00:30:00 UTC,1003381330,1984BigBrother,52,1922.7641,false
200,2021-11-04 00:30:00 UTC,1037642945,Kan3_,54,1883.7986,true
200,2021-11-04 00:30:00 UTC,1002941835,Delta_Tinderthot,55,1804.6998,true
