generated_at,2025-04-30 23:27:49 UTC

day_id,day_start_at,user_id,user_name,user_day_position,user_day_calculated_score,prizing_eligible
266,2022-08-26 09:00:00 UTC,2000240907,Fadey,1,1459.0596,true
266,2022-08-26 09:00:00 UTC,2002485304,Toddy339,2,1417.9002,true
266,2022-08-26 09:00:00 UTC,2018328096,Dark_ANZPL4,3,1362.705,false
266,2022-08-26 09:00:00 UTC,2004085542,Elfishguy11,4,1295.5469,false
266,2022-08-26 09:00:00 UTC,2005573310,JS_,5,1265.9059,false
266,2022-08-26 09:00:00 UTC,2014554965,nev3r,5,1265.9059,true
266,2022-08-26 09:00:00 UTC,2018324245,MirrasYYY,7,1240.64,true
266,2022-08-26 09:00:00 UTC,2016989252,Pp_Power,8,1228.4938,false
266,2022-08-26 09:00:00 UTC,2023150469,CthulhuANZ,9,1214.0618,false
266,2022-08-26 09:00:00 UTC,2005721325,Run_Away_Brave_Sir_Robin,10,1210.5106,true
266,2022-08-26 09:00:00 UTC,2023799441,A_Raspberry_Flavoured_,11,1209.6658,false
266,2022-08-26 09:00:00 UTC,2002640736,stewiejp,12,1192.1514,true
266,2022-08-26 09:00:00 UTC,2007451774,godmode_dead,13,1185.2447,false
266,2022-08-26 09:00:00 UTC,2000452409,SeeGaul98,14,1173.3465,true
266,2022-08-26 09:00:00 UTC,2001319722,Nother,15,1171.0202,true
266,2022-08-26 09:00:00 UTC,2028266763,ShooterMacgavin,16,1154.1328,false
266,2022-08-26 09:00:00 UTC,2003083380,RapunzeI,17,1146.2764,true
266,2022-08-26 09:00:00 UTC,2018159991,JayRated,18,1138.3689,true
266,2022-08-26 09:00:00 UTC,2000670266,LeChippy,19,1111.7403,true
266,2022-08-26 09:00:00 UTC,2000247934,Rx_782,20,1103.5963,true
266,2022-08-26 09:00:00 UTC,2001884089,RainbowAssassin,21,1099.5396,false
266,2022-08-26 09:00:00 UTC,2002532110,FadingNeptune,22,1085.1076,true
266,2022-08-26 09:00:00 UTC,2002747300,Boz__,23,1079.2882,true
266,2022-08-26 09:00:00 UTC,2003272109,CowabungaRavvi,24,1062.0072,true
266,2022-08-26 09:00:00 UTC,2009307077,adriaanwar,25,1059.7313,true
266,2022-08-26 09:00:00 UTC,2020297444,rupro_,26,1059.1243,true
266,2022-08-26 09:00:00 UTC,2004027917,blades29,27,1053.0674,true
266,2022-08-26 09:00:00 UTC,2032315315,Jaws,28,1050.6375,true
266,2022-08-26 09:00:00 UTC,2005965818,XpiQ,29,1042.2058,false
266,2022-08-26 09:00:00 UTC,2003632377,DarthCavalier,30,1034.0857,true
266,2022-08-26 09:00:00 UTC,2016842462,isaak34,31,1032.7705,true
266,2022-08-26 09:00:00 UTC,2016340980,___Darkknight___,32,1006.207,false
266,2022-08-26 09:00:00 UTC,2018324319,Benny_The_Bot,33,999.0329,false
266,2022-08-26 09:00:00 UTC,2013512572,CynicalSilicon,34,985.3394,true
266,2022-08-26 09:00:00 UTC,1030218016,Casaj_Ion,35,962.662,false
266,2022-08-26 09:00:00 UTC,2041396376,Brittski,36,962.4362,true
266,2022-08-26 09:00:00 UTC,2000557049,Napalmer,37,958.5469,false
266,2022-08-26 09:00:00 UTC,2000291671,CHAKA24,38,926.5186,true
266,2022-08-26 09:00:00 UTC,2007788495,NickFury71,39,920.9534,true
266,2022-08-26 09:00:00 UTC,2030993170,Str8JaktJim_,40,915.972,true
266,2022-08-26 09:00:00 UTC,2023168291,Ausiehunter2010_B,41,914.1838,true
266,2022-08-26 09:00:00 UTC,2004250104,Amacattack,42,906.9958,true
266,2022-08-26 09:00:00 UTC,2018404239,Kiwi_Dynamite,43,906.8255,false
266,2022-08-26 09:00:00 UTC,2001438825,cjhunt2001,44,906.6247,false
266,2022-08-26 09:00:00 UTC,2031085489,CrystalID,45,901.9856,true
266,2022-08-26 09:00:00 UTC,2000582299,malpaso,46,889.6051,true
266,2022-08-26 09:00:00 UTC,2019616234,RussianVodkaComrade,47,877.6221,false
266,2022-08-26 09:00:00 UTC,2041274048,pilskicasts,48,863.8142,false
266,2022-08-26 09:00:00 UTC,2004044313,bipinjnath,49,854.9202,true
266,2022-08-26 09:00:00 UTC,3000620883,Prophet_Mauser,50,854.8197,true
266,2022-08-26 09:00:00 UTC,2014912231,NattyWW,50,854.8197,true
266,2022-08-26 09:00:00 UTC,2035192546,BluepandaANZ,52,806.9145,false
266,2022-08-26 09:00:00 UTC,2000565777,Captain_Cows,53,766.0965,true
266,2022-08-26 09:00:00 UTC,1001610323,stussy,54,625.7011,false
266,2022-08-26 09:00:00 UTC,2018328422,_Dastardly,55,623.3932,false
266,2022-08-26 09:00:00 UTC,2004064732,V1perMcKay,56,594.9168,true
266,2022-08-26 09:00:00 UTC,2010845029,Tiger_Snake_101,57,553.365,true
266,2022-08-26 09:00:00 UTC,2028541313,Chief_Henchman,58,400.938,true
267,2022-09-02 09:00:00 UTC,2000240907,Fadey,1,1232.525,true
267,2022-09-02 09:00:00 UTC,2002485304,Toddy339,1,1232.525,true
267,2022-09-02 09:00:00 UTC,2000582299,malpaso,1,1232.525,true
267,2022-09-02 09:00:00 UTC,2016842462,isaak34,1,1232.525,true
267,2022-09-02 09:00:00 UTC,2000291671,CHAKA24,5,1226.5022,true
267,2022-09-02 09:00:00 UTC,2003632377,DarthCavalier,6,1206.8628,true
267,2022-09-02 09:00:00 UTC,2018159991,JayRated,6,1206.8628,true
267,2022-09-02 09:00:00 UTC,2023150469,CthulhuANZ,6,1206.8628,false
267,2022-09-02 09:00:00 UTC,2005721325,Run_Away_Brave_Sir_Robin,9,1143.9461,true
267,2022-09-02 09:00:00 UTC,2035527075,Deth_Proof,10,1108.6953,true
267,2022-09-02 09:00:00 UTC,2000670266,LeChippy,11,1091.0467,true
267,2022-09-02 09:00:00 UTC,2032315315,Jaws,12,1069.9775,true
267,2022-09-02 09:00:00 UTC,1016778619,Spluggs,13,1064.3451,false
267,2022-09-02 09:00:00 UTC,2003083380,RapunzeI,14,1053.1201,true
267,2022-09-02 09:00:00 UTC,2013512572,CynicalSilicon,15,1049.7343,true
267,2022-09-02 09:00:00 UTC,2010845029,Tiger_Snake_101,16,1040.8773,true
267,2022-09-02 09:00:00 UTC,2018328096,Dark_ANZPL4,17,1038.8913,false
267,2022-09-02 09:00:00 UTC,3000620883,Prophet_Mauser,18,1036.0705,true
267,2022-09-02 09:00:00 UTC,2018324245,MirrasYYY,19,1035.2595,true
267,2022-09-02 09:00:00 UTC,1010520290,Capt_Max_Powers,20,1034.6975,false
267,2022-09-02 09:00:00 UTC,1030218016,Casaj_Ion,21,1026.6868,false
267,2022-09-02 09:00:00 UTC,2014554965,nev3r,22,1013.0386,true
267,2022-09-02 09:00:00 UTC,2016989252,Pp_Power,23,1011.3338,false
267,2022-09-02 09:00:00 UTC,2007451774,godmode_dead,24,1008.7594,false
267,2022-09-02 09:00:00 UTC,2031085489,CrystalID,25,998.97,true
267,2022-09-02 09:00:00 UTC,2023799441,A_Raspberry_Flavoured_,26,995.2381,false
267,2022-09-02 09:00:00 UTC,2000247934,Rx_782,27,990.9833,true
267,2022-09-02 09:00:00 UTC,2002640736,stewiejp,28,990.2057,true
267,2022-09-02 09:00:00 UTC,2028266763,ShooterMacgavin,29,983.1009,false
267,2022-09-02 09:00:00 UTC,2030993170,Str8JaktJim_,30,977.0548,true
267,2022-09-02 09:00:00 UTC,2041396376,Brittski,31,975.2546,true
267,2022-09-02 09:00:00 UTC,2001884089,RainbowAssassin,31,975.2546,false
267,2022-09-02 09:00:00 UTC,2005573310,JS_,33,973.9129,false
267,2022-09-02 09:00:00 UTC,2004085542,Elfishguy11,34,965.4089,false
267,2022-09-02 09:00:00 UTC,2020297444,rupro_,35,955.3885,true
267,2022-09-02 09:00:00 UTC,2002532110,FadingNeptune,36,954.16,true
267,2022-09-02 09:00:00 UTC,2000557049,Napalmer,37,935.9708,false
267,2022-09-02 09:00:00 UTC,2019616234,RussianVodkaComrade,38,926.3849,false
267,2022-09-02 09:00:00 UTC,2018850876,SpectraX,39,917.5397,true
267,2022-09-02 09:00:00 UTC,2004064732,V1perMcKay,39,917.5397,true
267,2022-09-02 09:00:00 UTC,2028541313,Chief_Henchman,41,915.967,true
267,2022-09-02 09:00:00 UTC,2002747300,Boz__,42,909.7655,true
267,2022-09-02 09:00:00 UTC,2006754639,Casaj,43,904.1171,true
267,2022-09-02 09:00:00 UTC,2000452409,SeeGaul98,44,902.6503,true
267,2022-09-02 09:00:00 UTC,2009307077,adriaanwar,45,889.0282,true
267,2022-09-02 09:00:00 UTC,2018404239,Kiwi_Dynamite,46,887.1868,false
267,2022-09-02 09:00:00 UTC,1002465274,heavymetal1967,47,868.9417,false
267,2022-09-02 09:00:00 UTC,2018324319,Benny_The_Bot,48,865.8277,false
267,2022-09-02 09:00:00 UTC,2007788495,NickFury71,49,863.9708,true
267,2022-09-02 09:00:00 UTC,2002740285,puelhem,50,862.4417,true
267,2022-09-02 09:00:00 UTC,2037713345,valei,51,853.6106,true
267,2022-09-02 09:00:00 UTC,2005965818,XpiQ,52,840.1655,false
267,2022-09-02 09:00:00 UTC,2023168291,Ausiehunter2010_B,53,833.2805,true
267,2022-09-02 09:00:00 UTC,2014912231,NattyWW,54,828.9022,true
267,2022-09-02 09:00:00 UTC,2004027917,blades29,55,826.0464,true
267,2022-09-02 09:00:00 UTC,2000565777,Captain_Cows,56,784.7234,true
267,2022-09-02 09:00:00 UTC,2001438825,cjhunt2001,57,778.1137,false
267,2022-09-02 09:00:00 UTC,1022049002,BattleshipBob27,58,764.2853,false
267,2022-09-02 09:00:00 UTC,2003272109,CowabungaRavvi,59,760.2689,true
267,2022-09-02 09:00:00 UTC,2035192546,BluepandaANZ,60,751.1425,false
267,2022-09-02 09:00:00 UTC,2004250104,Amacattack,61,748.7289,true
267,2022-09-02 09:00:00 UTC,1008096804,invictus97,62,739.3348,false
267,2022-09-02 09:00:00 UTC,2004044313,bipinjnath,63,723.8206,true
267,2022-09-02 09:00:00 UTC,2016340980,___Darkknight___,64,707.0312,false
267,2022-09-02 09:00:00 UTC,2001319722,Nother,65,699.7314,true
267,2022-09-02 09:00:00 UTC,2005032131,rameka13,66,675.0145,true
267,2022-09-02 09:00:00 UTC,1001610323,stussy,67,559.3929,false
267,2022-09-02 09:00:00 UTC,2018328422,_Dastardly,68,552.8106,false
267,2022-09-02 09:00:00 UTC,2041274048,pilskicasts,69,484.4495,false
268,2022-09-09 09:00:00 UTC,2016340980,___Darkknight___,1,1367.8699,false
268,2022-09-09 09:00:00 UTC,2016989252,Pp_Power,2,1236.658,false
268,2022-09-09 09:00:00 UTC,2002747300,Boz__,3,1234.497,true
268,2022-09-09 09:00:00 UTC,2018850876,SpectraX,4,1226.8487,true
268,2022-09-09 09:00:00 UTC,2002485304,Toddy339,5,1203.9914,true
268,2022-09-09 09:00:00 UTC,2000582299,malpaso,5,1203.9914,true
268,2022-09-09 09:00:00 UTC,2002532110,FadingNeptune,7,1193.0274,true
268,2022-09-09 09:00:00 UTC,2001438825,cjhunt2001,8,1170.0191,false
268,2022-09-09 09:00:00 UTC,2014912231,NattyWW,9,1168.2887,true
268,2022-09-09 09:00:00 UTC,2000240907,Fadey,10,1165.713,true
268,2022-09-09 09:00:00 UTC,2030993170,Str8JaktJim_,11,1153.6157,true
268,2022-09-09 09:00:00 UTC,2037713345,valei,12,1136.3186,true
268,2022-09-09 09:00:00 UTC,2000247934,Rx_782,13,1130.722,true
268,2022-09-09 09:00:00 UTC,2032315315,Jaws,14,1126.4091,true
268,2022-09-09 09:00:00 UTC,2018404239,Kiwi_Dynamite,14,1126.4091,false
268,2022-09-09 09:00:00 UTC,2016842462,isaak34,16,1104.4778,true
268,2022-09-09 09:00:00 UTC,2014554965,nev3r,17,1092.4469,true
268,2022-09-09 09:00:00 UTC,2005721325,Run_Away_Brave_Sir_Robin,18,1085.1544,true
268,2022-09-09 09:00:00 UTC,2018324245,MirrasYYY,19,1082.242,true
268,2022-09-09 09:00:00 UTC,2028266763,ShooterMacgavin,20,1076.4419,false
268,2022-09-09 09:00:00 UTC,2002640736,stewiejp,21,1073.971,true
268,2022-09-09 09:00:00 UTC,2004085542,Elfishguy11,22,1072.3325,false
268,2022-09-09 09:00:00 UTC,2000452409,SeeGaul98,23,1071.6013,true
268,2022-09-09 09:00:00 UTC,511422663,XecaPT,23,1071.6013,false
268,2022-09-09 09:00:00 UTC,2003632377,DarthCavalier,23,1071.6013,true
268,2022-09-09 09:00:00 UTC,2004064732,V1perMcKay,23,1071.6013,true
268,2022-09-09 09:00:00 UTC,2010845029,Tiger_Snake_101,23,1071.6013,true
268,2022-09-09 09:00:00 UTC,2000670266,LeChippy,28,1066.1994,true
268,2022-09-09 09:00:00 UTC,1010520290,Capt_Max_Powers,28,1066.1994,false
268,2022-09-09 09:00:00 UTC,2000291671,CHAKA24,30,1065.2819,true
268,2022-09-09 09:00:00 UTC,2000557049,Napalmer,31,1061.9938,false
268,2022-09-09 09:00:00 UTC,2005573310,JS_,32,1061.1276,false
268,2022-09-09 09:00:00 UTC,2004044313,bipinjnath,33,1057.1562,true
268,2022-09-09 09:00:00 UTC,2041396376,Brittski,34,1054.7281,true
268,2022-09-09 09:00:00 UTC,2001884089,RainbowAssassin,34,1054.7281,false
268,2022-09-09 09:00:00 UTC,1016778619,Spluggs,36,1041.4607,false
268,2022-09-09 09:00:00 UTC,2013512572,CynicalSilicon,36,1041.4607,true
268,2022-09-09 09:00:00 UTC,2019616234,RussianVodkaComrade,38,1030.5257,false
268,2022-09-09 09:00:00 UTC,2004250104,Amacattack,39,1022.0201,true
268,2022-09-09 09:00:00 UTC,1050561445,TheWardec_,40,1017.5247,false
268,2022-09-09 09:00:00 UTC,3000620883,Prophet_Mauser,41,1012.5624,true
268,2022-09-09 09:00:00 UTC,1002465274,heavymetal1967,42,1012.1228,false
268,2022-09-09 09:00:00 UTC,2018159991,JayRated,42,1012.1228,true
268,2022-09-09 09:00:00 UTC,2003083380,RapunzeI,44,1011.5696,true
268,2022-09-09 09:00:00 UTC,1022049002,BattleshipBob27,45,1009.1618,false
268,2022-09-09 09:00:00 UTC,2007451774,godmode_dead,46,1007.8099,false
268,2022-09-09 09:00:00 UTC,2035527075,Deth_Proof,47,996.1091,true
268,2022-09-09 09:00:00 UTC,2023150469,CthulhuANZ,48,994.5296,false
268,2022-09-09 09:00:00 UTC,2020297444,rupro_,49,986.9045,true
268,2022-09-09 09:00:00 UTC,2041274048,pilskicasts,50,964.3351,false
268,2022-09-09 09:00:00 UTC,2009307077,adriaanwar,51,963.1268,true
268,2022-09-09 09:00:00 UTC,2004027917,blades29,52,959.0502,true
268,2022-09-09 09:00:00 UTC,2028541313,Chief_Henchman,53,950.5136,true
268,2022-09-09 09:00:00 UTC,1030218016,Casaj_Ion,54,937.059,false
268,2022-09-09 09:00:00 UTC,2005032131,rameka13,55,911.077,true
268,2022-09-09 09:00:00 UTC,2003272109,CowabungaRavvi,56,901.9197,true
268,2022-09-09 09:00:00 UTC,2023168291,Ausiehunter2010_B,57,867.7387,true
268,2022-09-09 09:00:00 UTC,2023799441,A_Raspberry_Flavoured_,58,809.4839,false
268,2022-09-09 09:00:00 UTC,2000565777,Captain_Cows,59,807.3575,true
268,2022-09-09 09:00:00 UTC,1001610323,stussy,60,803.4202,false
268,2022-09-09 09:00:00 UTC,2018328096,Dark_ANZPL4,61,803.3908,false
268,2022-09-09 09:00:00 UTC,1008096804,invictus97,62,792.9325,false
268,2022-09-09 09:00:00 UTC,2002740285,puelhem,63,784.4408,true
268,2022-09-09 09:00:00 UTC,2031085489,CrystalID,64,781.7466,true
268,2022-09-09 09:00:00 UTC,2035192546,BluepandaANZ,65,771.498,false
268,2022-09-09 09:00:00 UTC,2018324319,Benny_The_Bot,66,731.4894,false
268,2022-09-09 09:00:00 UTC,2005965818,XpiQ,67,712.8205,false
268,2022-09-09 09:00:00 UTC,2007788495,NickFury71,68,690.852,true
268,2022-09-09 09:00:00 UTC,2001319722,Nother,69,662.5863,true
268,2022-09-09 09:00:00 UTC,2006754639,Casaj,70,619.3637,true
268,2022-09-09 09:00:00 UTC,2018328422,_Dastardly,71,563.0634,false
269,2022-09-16 09:00:00 UTC,2005573310,JS_,1,1520.3055,false
269,2022-09-16 09:00:00 UTC,2002740285,puelhem,2,1378.586,true
269,2022-09-16 09:00:00 UTC,2002485304,Toddy339,3,1351.9164,true
269,2022-09-16 09:00:00 UTC,2041396376,Brittski,4,1351.8127,true
269,2022-09-16 09:00:00 UTC,2001884089,RainbowAssassin,4,1351.8127,false
269,2022-09-16 09:00:00 UTC,2018850876,SpectraX,6,1345.7388,true
269,2022-09-16 09:00:00 UTC,2037713345,valei,7,1341.9218,true
269,2022-09-16 09:00:00 UTC,2000247934,Rx_782,8,1339.1395,true
269,2022-09-16 09:00:00 UTC,2004064732,V1perMcKay,9,1327.9646,true
269,2022-09-16 09:00:00 UTC,2000670266,LeChippy,10,1306.0284,true
269,2022-09-16 09:00:00 UTC,2031085489,CrystalID,11,1296.3609,true
269,2022-09-16 09:00:00 UTC,2005965818,XpiQ,12,1291.5702,false
269,2022-09-16 09:00:00 UTC,2016989252,Pp_Power,13,1280.4373,false
269,2022-09-16 09:00:00 UTC,2018328096,Dark_ANZPL4,14,1280.1562,false
269,2022-09-16 09:00:00 UTC,2028541313,Chief_Henchman,15,1260.3342,true
269,2022-09-16 09:00:00 UTC,2018324245,MirrasYYY,16,1257.1342,true
269,2022-09-16 09:00:00 UTC,2004085542,Elfishguy11,17,1224.6942,false
269,2022-09-16 09:00:00 UTC,2000291671,CHAKA24,18,1205.7021,true
269,2022-09-16 09:00:00 UTC,2007451774,godmode_dead,19,1193.1475,false
269,2022-09-16 09:00:00 UTC,2000565777,Captain_Cows,20,1191.9693,true
269,2022-09-16 09:00:00 UTC,1000265252,spottydog_,21,1185.0142,false
269,2022-09-16 09:00:00 UTC,2014912231,NattyWW,22,1173.4597,true
269,2022-09-16 09:00:00 UTC,2005032131,rameka13,23,1169.2944,true
269,2022-09-16 09:00:00 UTC,2014554965,nev3r,24,1168.0094,true
269,2022-09-16 09:00:00 UTC,2018324319,Benny_The_Bot,25,1158.8844,false
269,2022-09-16 09:00:00 UTC,3000620883,Prophet_Mauser,26,1158.8144,true
269,2022-09-16 09:00:00 UTC,1016778619,Spluggs,27,1154.0522,false
269,2022-09-16 09:00:00 UTC,2018159991,JayRated,27,1154.0522,true
269,2022-09-16 09:00:00 UTC,1025785336,sodeaddan,27,1154.0522,false
269,2022-09-16 09:00:00 UTC,2000557049,Napalmer,30,1145.7072,false
269,2022-09-16 09:00:00 UTC,1022049002,BattleshipBob27,31,1144.5244,false
269,2022-09-16 09:00:00 UTC,511422663,XecaPT,32,1135.9598,false
269,2022-09-16 09:00:00 UTC,2016842462,isaak34,33,1132.116,true
269,2022-09-16 09:00:00 UTC,2032315315,Jaws,34,1129.9465,true
269,2022-09-16 09:00:00 UTC,2000240907,Fadey,35,1129.7822,true
269,2022-09-16 09:00:00 UTC,2004044313,bipinjnath,36,1128.2919,true
269,2022-09-16 09:00:00 UTC,2002747300,Boz__,37,1124.1503,true
269,2022-09-16 09:00:00 UTC,2003272109,CowabungaRavvi,38,1095.831,true
269,2022-09-16 09:00:00 UTC,2020297444,rupro_,39,1094.851,true
269,2022-09-16 09:00:00 UTC,2013512572,CynicalSilicon,40,1093.3767,true
269,2022-09-16 09:00:00 UTC,2018404239,Kiwi_Dynamite,41,1087.835,false
269,2022-09-16 09:00:00 UTC,2001438825,cjhunt2001,42,1084.5651,false
269,2022-09-16 09:00:00 UTC,1050561445,TheWardec_,43,1081.9891,false
269,2022-09-16 09:00:00 UTC,2003632377,DarthCavalier,44,1081.6574,true
269,2022-09-16 09:00:00 UTC,2023150469,CthulhuANZ,45,1069.9637,false
269,2022-09-16 09:00:00 UTC,2030993170,Str8JaktJim_,46,1068.4964,true
269,2022-09-16 09:00:00 UTC,1010520290,Capt_Max_Powers,47,1063.3913,false
269,2022-09-16 09:00:00 UTC,2005721325,Run_Away_Brave_Sir_Robin,48,1060.0797,true
269,2022-09-16 09:00:00 UTC,2002640736,stewiejp,49,1051.3804,true
269,2022-09-16 09:00:00 UTC,1002465274,heavymetal1967,50,1048.7374,false
269,2022-09-16 09:00:00 UTC,2023799441,A_Raspberry_Flavoured_,51,1041.3775,false
269,2022-09-16 09:00:00 UTC,2019616234,RussianVodkaComrade,52,1039.3275,false
269,2022-09-16 09:00:00 UTC,1030218016,Casaj_Ion,53,1016.2737,false
269,2022-09-16 09:00:00 UTC,2002532110,FadingNeptune,54,996.4847,true
269,2022-09-16 09:00:00 UTC,2010845029,Tiger_Snake_101,55,979.8216,true
269,2022-09-16 09:00:00 UTC,2003470841,DedmanZero,56,968.7628,true
269,2022-09-16 09:00:00 UTC,2000452409,SeeGaul98,57,962.0474,true
269,2022-09-16 09:00:00 UTC,2000582299,malpaso,58,948.946,true
269,2022-09-16 09:00:00 UTC,1008096804,invictus97,59,934.2879,false
269,2022-09-16 09:00:00 UTC,2035527075,Deth_Proof,60,931.9965,true
269,2022-09-16 09:00:00 UTC,2016340980,___Darkknight___,61,924.8539,false
269,2022-09-16 09:00:00 UTC,2004250104,Amacattack,62,905.3236,true
269,2022-09-16 09:00:00 UTC,2028266763,ShooterMacgavin,63,897.6635,false
269,2022-09-16 09:00:00 UTC,2004027917,blades29,64,887.3644,true
269,2022-09-16 09:00:00 UTC,2003083380,RapunzeI,65,874.2762,true
269,2022-09-16 09:00:00 UTC,2035192546,BluepandaANZ,66,844.2687,false
269,2022-09-16 09:00:00 UTC,1001610323,stussy,67,765.0034,false
269,2022-09-16 09:00:00 UTC,2006754639,Casaj,68,743.3348,true
269,2022-09-16 09:00:00 UTC,2023168291,Ausiehunter2010_B,69,737.8965,true
269,2022-09-16 09:00:00 UTC,2001319722,Nother,70,722.5791,true
269,2022-09-16 09:00:00 UTC,2009307077,adriaanwar,71,707.0195,true
269,2022-09-16 09:00:00 UTC,2041274048,pilskicasts,72,673.3422,false
269,2022-09-16 09:00:00 UTC,2007788495,NickFury71,73,672.2416,true
269,2022-09-16 09:00:00 UTC,2018328422,_Dastardly,74,309.0026,false
270,2022-09-23 09:00:00 UTC,2004085542,Elfishguy11,1,1263.9391,false
270,2022-09-23 09:00:00 UTC,2000240907,Fadey,2,1180.1758,true
270,2022-09-23 09:00:00 UTC,2004044313,bipinjnath,3,1160.355,true
270,2022-09-23 09:00:00 UTC,1002465274,heavymetal1967,4,1154.6184,false
270,2022-09-23 09:00:00 UTC,1030218016,Casaj_Ion,5,1139.1036,false
270,2022-09-23 09:00:00 UTC,2005721325,Run_Away_Brave_Sir_Robin,6,1121.9048,true
270,2022-09-23 09:00:00 UTC,2023799441,A_Raspberry_Flavoured_,7,1115.8481,false
270,2022-09-23 09:00:00 UTC,2000582299,malpaso,8,1106.8369,true
270,2022-09-23 09:00:00 UTC,2018159991,JayRated,8,1106.8369,true
270,2022-09-23 09:00:00 UTC,2027194451,haha_yes,10,1106.0499,true
270,2022-09-23 09:00:00 UTC,2002532110,FadingNeptune,11,1105.56,true
270,2022-09-23 09:00:00 UTC,2016989252,Pp_Power,12,1089.5412,false
270,2022-09-23 09:00:00 UTC,2041396376,Brittski,13,1078.4973,true
270,2022-09-23 09:00:00 UTC,2001884089,RainbowAssassin,13,1078.4973,false
270,2022-09-23 09:00:00 UTC,2014912231,NattyWW,15,1074.8232,true
270,2022-09-23 09:00:00 UTC,2018324245,MirrasYYY,16,1074.8067,true
270,2022-09-23 09:00:00 UTC,2007451774,godmode_dead,17,1068.5946,false
270,2022-09-23 09:00:00 UTC,2037713345,valei,18,1059.1274,true
270,2022-09-23 09:00:00 UTC,2032315315,Jaws,19,1032.143,true
270,2022-09-23 09:00:00 UTC,2000247934,Rx_782,20,1031.484,true
270,2022-09-23 09:00:00 UTC,2010845029,Tiger_Snake_101,21,1029.7829,true
270,2022-09-23 09:00:00 UTC,2004250104,Amacattack,22,1026.0968,true
270,2022-09-23 09:00:00 UTC,2014554965,nev3r,23,1021.4361,true
270,2022-09-23 09:00:00 UTC,1000265252,spottydog_,24,1014.1036,false
270,2022-09-23 09:00:00 UTC,2002747300,Boz__,25,1010.1461,true
270,2022-09-23 09:00:00 UTC,2000670266,LeChippy,26,1004.2977,true
270,2022-09-23 09:00:00 UTC,2018328096,Dark_ANZPL4,27,1001.7217,false
270,2022-09-23 09:00:00 UTC,2000452409,SeeGaul98,28,990.7954,true
270,2022-09-23 09:00:00 UTC,2000557049,Napalmer,29,974.0656,false
270,2022-09-23 09:00:00 UTC,1050561445,TheWardec_,29,974.0656,false
270,2022-09-23 09:00:00 UTC,2035192546,BluepandaANZ,31,951.5304,false
270,2022-09-23 09:00:00 UTC,2023150469,CthulhuANZ,32,946.6681,false
270,2022-09-23 09:00:00 UTC,2002485304,Toddy339,33,926.5847,true
270,2022-09-23 09:00:00 UTC,1010520290,Capt_Max_Powers,33,926.5847,false
270,2022-09-23 09:00:00 UTC,2030993170,Str8JaktJim_,35,913.6333,true
270,2022-09-23 09:00:00 UTC,2005573310,JS_,36,908.6467,false
270,2022-09-23 09:00:00 UTC,2028266763,ShooterMacgavin,37,907.4172,false
270,2022-09-23 09:00:00 UTC,2016842462,isaak34,38,903.8046,true
270,2022-09-23 09:00:00 UTC,2023168291,Ausiehunter2010_B,39,901.846,true
270,2022-09-23 09:00:00 UTC,2004064732,V1perMcKay,40,885.4263,true
270,2022-09-23 09:00:00 UTC,3000620883,Prophet_Mauser,40,885.4263,true
270,2022-09-23 09:00:00 UTC,2003470841,DedmanZero,42,885.3045,true
270,2022-09-23 09:00:00 UTC,2005965818,XpiQ,43,876.514,false
270,2022-09-23 09:00:00 UTC,2004027917,blades29,44,863.1377,true
270,2022-09-23 09:00:00 UTC,1016778619,Spluggs,45,862.6462,false
270,2022-09-23 09:00:00 UTC,1025785336,sodeaddan,45,862.6462,false
270,2022-09-23 09:00:00 UTC,2003632377,DarthCavalier,47,857.6832,true
270,2022-09-23 09:00:00 UTC,2006754639,Casaj,48,853.5322,true
270,2022-09-23 09:00:00 UTC,1022049002,BattleshipBob27,49,849.5351,false
270,2022-09-23 09:00:00 UTC,2018404239,Kiwi_Dynamite,50,837.249,false
270,2022-09-23 09:00:00 UTC,2002640736,stewiejp,51,825.0549,true
270,2022-09-23 09:00:00 UTC,2018324319,Benny_The_Bot,52,812.5709,false
270,2022-09-23 09:00:00 UTC,2035527075,Deth_Proof,53,809.8879,true
270,2022-09-23 09:00:00 UTC,2001438825,cjhunt2001,54,809.234,false
270,2022-09-23 09:00:00 UTC,2009307077,adriaanwar,55,800.8601,true
270,2022-09-23 09:00:00 UTC,2019616234,RussianVodkaComrade,56,795.1194,false
270,2022-09-23 09:00:00 UTC,2041274048,pilskicasts,57,785.1373,false
270,2022-09-23 09:00:00 UTC,2003083380,RapunzeI,58,775.0825,true
270,2022-09-23 09:00:00 UTC,511422663,XecaPT,59,757.1901,false
270,2022-09-23 09:00:00 UTC,2002740285,puelhem,60,750.332,true
270,2022-09-23 09:00:00 UTC,2012105834,DrkAvngr,61,738.9477,true
270,2022-09-23 09:00:00 UTC,2028541313,Chief_Henchman,62,719.5465,true
270,2022-09-23 09:00:00 UTC,2005032131,rameka13,63,714.6873,true
270,2022-09-23 09:00:00 UTC,2018850876,SpectraX,64,705.3915,true
270,2022-09-23 09:00:00 UTC,2016340980,___Darkknight___,65,699.6284,false
270,2022-09-23 09:00:00 UTC,2013512572,CynicalSilicon,66,678.9932,true
270,2022-09-23 09:00:00 UTC,2000291671,CHAKA24,67,665.1508,true
270,2022-09-23 09:00:00 UTC,2000565777,Captain_Cows,68,649.9222,true
270,2022-09-23 09:00:00 UTC,2007788495,NickFury71,69,630.915,true
270,2022-09-23 09:00:00 UTC,2003272109,CowabungaRavvi,70,627.6499,true
270,2022-09-23 09:00:00 UTC,2018328422,_Dastardly,71,620.9041,false
270,2022-09-23 09:00:00 UTC,1002909487,EroticJellyfish,72,611.1928,false
270,2022-09-23 09:00:00 UTC,2020297444,rupro_,73,580.6629,true
270,2022-09-23 09:00:00 UTC,1008096804,invictus97,74,574.5449,false
270,2022-09-23 09:00:00 UTC,2001319722,Nother,75,563.8384,true
270,2022-09-23 09:00:00 UTC,1039826582,Nemo_516,76,542.4687,false
270,2022-09-23 09:00:00 UTC,1001610323,stussy,77,501.7002,false
270,2022-09-23 09:00:00 UTC,2031085489,CrystalID,78,475.725,true
271,2022-09-30 09:00:00 UTC,2023799441,A_Raspberry_Flavoured_,1,1268.9321,false
271,2022-09-30 09:00:00 UTC,2032315315,Jaws,2,1226.7122,true
271,2022-09-30 09:00:00 UTC,2003470841,DedmanZero,3,1211.8782,true
271,2022-09-30 09:00:00 UTC,2000582299,malpaso,4,1178.1468,true
271,2022-09-30 09:00:00 UTC,2004064732,V1perMcKay,4,1178.1468,true
271,2022-09-30 09:00:00 UTC,511422663,XecaPT,4,1178.1468,false
271,2022-09-30 09:00:00 UTC,1002465274,heavymetal1967,7,1165.7618,false
271,2022-09-30 09:00:00 UTC,2000670266,LeChippy,8,1150.4925,true
271,2022-09-30 09:00:00 UTC,1010520290,Capt_Max_Powers,9,1139.4165,false
271,2022-09-30 09:00:00 UTC,2002485304,Toddy339,10,1133.2165,true
271,2022-09-30 09:00:00 UTC,3000620883,Prophet_Mauser,10,1133.2165,true
271,2022-09-30 09:00:00 UTC,2018850876,SpectraX,10,1133.2165,true
271,2022-09-30 09:00:00 UTC,2000247934,Rx_782,13,1124.4479,true
271,2022-09-30 09:00:00 UTC,2027194451,haha_yes,14,1124.2956,true
271,2022-09-30 09:00:00 UTC,2002532110,FadingNeptune,15,1113.8611,true
271,2022-09-30 09:00:00 UTC,2000240907,Fadey,16,1101.0841,true
271,2022-09-30 09:00:00 UTC,1001610323,stussy,17,1094.8841,false
271,2022-09-30 09:00:00 UTC,2018159991,JayRated,17,1094.8841,true
271,2022-09-30 09:00:00 UTC,2006754639,Casaj,17,1094.8841,true
271,2022-09-30 09:00:00 UTC,2037713345,valei,20,1093.2176,true
271,2022-09-30 09:00:00 UTC,1000265252,spottydog_,20,1093.2176,false
271,2022-09-30 09:00:00 UTC,2005965818,XpiQ,22,1081.1656,false
271,2022-09-30 09:00:00 UTC,2030993170,Str8JaktJim_,23,1079.2932,true
271,2022-09-30 09:00:00 UTC,2016989252,Pp_Power,24,1078.3115,false
271,2022-09-30 09:00:00 UTC,2000291671,CHAKA24,25,1053.6758,true
271,2022-09-30 09:00:00 UTC,2018404239,Kiwi_Dynamite,26,1050.5937,false
271,2022-09-30 09:00:00 UTC,2003632377,DarthCavalier,26,1050.5937,true
271,2022-09-30 09:00:00 UTC,2007451774,godmode_dead,28,1047.2329,false
271,2022-09-30 09:00:00 UTC,2023150469,CthulhuANZ,28,1047.2329,false
271,2022-09-30 09:00:00 UTC,1039826582,Nemo_516,30,1036.6939,false
271,2022-09-30 09:00:00 UTC,2004250104,Amacattack,31,1032.2672,true
271,2022-09-30 09:00:00 UTC,2010845029,Tiger_Snake_101,31,1032.2672,true
271,2022-09-30 09:00:00 UTC,2004085542,Elfishguy11,31,1032.2672,false
271,2022-09-30 09:00:00 UTC,1030218016,Casaj_Ion,34,1019.3634,false
271,2022-09-30 09:00:00 UTC,2019616234,RussianVodkaComrade,35,1015.8916,false
271,2022-09-30 09:00:00 UTC,2009307077,adriaanwar,36,1012.3527,true
271,2022-09-30 09:00:00 UTC,2016842462,isaak34,37,1006.7118,true
271,2022-09-30 09:00:00 UTC,2027995563,lekafeifei,38,1006.5605,true
271,2022-09-30 09:00:00 UTC,2002747300,Boz__,39,991.1696,true
271,2022-09-30 09:00:00 UTC,2016340980,___Darkknight___,40,985.916,false
271,2022-09-30 09:00:00 UTC,2018324319,Benny_The_Bot,41,985.8245,false
271,2022-09-30 09:00:00 UTC,2020297444,rupro_,42,975.0855,true
271,2022-09-30 09:00:00 UTC,2035527075,Deth_Proof,43,968.6043,true
271,2022-09-30 09:00:00 UTC,2014554965,nev3r,44,963.1467,true
271,2022-09-30 09:00:00 UTC,2014912231,NattyWW,45,959.7692,true
271,2022-09-30 09:00:00 UTC,2001319722,Nother,46,952.5381,true
271,2022-09-30 09:00:00 UTC,2012105834,DrkAvngr,47,952.3114,true
271,2022-09-30 09:00:00 UTC,2007788495,NickFury71,48,950.6739,true
271,2022-09-30 09:00:00 UTC,2004027917,blades29,49,947.9028,true
271,2022-09-30 09:00:00 UTC,2005721325,Run_Away_Brave_Sir_Robin,50,932.2171,true
271,2022-09-30 09:00:00 UTC,2028541313,Chief_Henchman,51,927.9468,true
271,2022-09-30 09:00:00 UTC,2000452409,SeeGaul98,52,924.8143,true
271,2022-09-30 09:00:00 UTC,2001438825,cjhunt2001,53,923.0876,false
271,2022-09-30 09:00:00 UTC,2028266763,ShooterMacgavin,54,920.505,false
271,2022-09-30 09:00:00 UTC,2001884089,RainbowAssassin,55,910.0001,false
271,2022-09-30 09:00:00 UTC,2041396376,Brittski,55,910.0001,true
271,2022-09-30 09:00:00 UTC,2000557049,Napalmer,57,902.6533,false
271,2022-09-30 09:00:00 UTC,2003083380,RapunzeI,58,900.3669,true
271,2022-09-30 09:00:00 UTC,1025785336,sodeaddan,59,892.2188,false
271,2022-09-30 09:00:00 UTC,2013512572,CynicalSilicon,60,886.2806,true
271,2022-09-30 09:00:00 UTC,1016778619,Spluggs,60,886.2806,false
271,2022-09-30 09:00:00 UTC,1002909487,EroticJellyfish,62,883.0309,false
271,2022-09-30 09:00:00 UTC,2002640736,stewiejp,63,878.2569,true
271,2022-09-30 09:00:00 UTC,2039709985,worker_and_parasite,64,850.6188,true
271,2022-09-30 09:00:00 UTC,2004044313,bipinjnath,65,819.9724,true
271,2022-09-30 09:00:00 UTC,2003272109,CowabungaRavvi,66,811.8876,true
271,2022-09-30 09:00:00 UTC,2018328422,_Dastardly,67,807.9242,false
271,2022-09-30 09:00:00 UTC,2031085489,CrystalID,68,790.6163,true
271,2022-09-30 09:00:00 UTC,2041274048,pilskicasts,69,776.5281,false
271,2022-09-30 09:00:00 UTC,2000565777,Captain_Cows,70,744.105,true
271,2022-09-30 09:00:00 UTC,2005573310,JS_,71,735.2153,false
271,2022-09-30 09:00:00 UTC,1050561445,TheWardec_,72,731.2183,false
271,2022-09-30 09:00:00 UTC,2018324245,MirrasYYY,73,710.9242,true
271,2022-09-30 09:00:00 UTC,1022049002,BattleshipBob27,74,704.986,false
271,2022-09-30 09:00:00 UTC,2018328096,Dark_ANZPL4,75,697.7709,false
271,2022-09-30 09:00:00 UTC,2023168291,Ausiehunter2010_B,76,693.0231,true
271,2022-09-30 09:00:00 UTC,2005032131,rameka13,77,686.2133,true
271,2022-09-30 09:00:00 UTC,2035192546,BluepandaANZ,78,685.9241,false
271,2022-09-30 09:00:00 UTC,1008096804,invictus97,79,644.9391,false
271,2022-09-30 09:00:00 UTC,2002740285,puelhem,80,551.5259,true
272,2022-10-07 09:00:00 UTC,2032315315,Jaws,1,1291.792,true
272,2022-10-07 09:00:00 UTC,1050561445,TheWardec_,2,1246.1051,false
272,2022-10-07 09:00:00 UTC,2007451774,godmode_dead,3,1246.0529,false
272,2022-10-07 09:00:00 UTC,1025785336,sodeaddan,4,1239.0742,false
272,2022-10-07 09:00:00 UTC,2023799441,A_Raspberry_Flavoured_,5,1230.6471,false
272,2022-10-07 09:00:00 UTC,1030218016,Casaj_Ion,6,1229.1868,false
272,2022-10-07 09:00:00 UTC,2004064732,V1perMcKay,7,1224.3036,true
272,2022-10-07 09:00:00 UTC,2000670266,LeChippy,8,1223.6162,true
272,2022-10-07 09:00:00 UTC,2023150469,CthulhuANZ,9,1214.2292,false
272,2022-10-07 09:00:00 UTC,2037713345,valei,10,1207.1988,true
272,2022-10-07 09:00:00 UTC,2004250104,Amacattack,10,1207.1988,true
272,2022-10-07 09:00:00 UTC,2004085542,Elfishguy11,10,1207.1988,false
272,2022-10-07 09:00:00 UTC,2014554965,nev3r,13,1202.3026,true
272,2022-10-07 09:00:00 UTC,2035527075,Deth_Proof,14,1200.2628,true
272,2022-10-07 09:00:00 UTC,1051874441,SunnyRT,15,1187.4135,false
272,2022-10-07 09:00:00 UTC,2018404239,Kiwi_Dynamite,16,1182.7484,false
272,2022-10-07 09:00:00 UTC,2018324245,MirrasYYY,17,1178.8543,true
272,2022-10-07 09:00:00 UTC,2003632377,DarthCavalier,18,1175.7175,true
272,2022-10-07 09:00:00 UTC,2018159991,JayRated,18,1175.7175,true
272,2022-10-07 09:00:00 UTC,2027194451,haha_yes,20,1168.1332,true
272,2022-10-07 09:00:00 UTC,2000240907,Fadey,21,1164.2396,true
272,2022-10-07 09:00:00 UTC,2016842462,isaak34,22,1159.6262,true
272,2022-10-07 09:00:00 UTC,2002532110,FadingNeptune,23,1152.4,true
272,2022-10-07 09:00:00 UTC,1012705203,Nitouro,24,1148.8333,false
272,2022-10-07 09:00:00 UTC,2018328096,Dark_ANZPL4,25,1142.0923,false
272,2022-10-07 09:00:00 UTC,3000620883,Prophet_Mauser,26,1133.9442,true
272,2022-10-07 09:00:00 UTC,1039826582,Nemo_516,27,1126.1596,false
272,2022-10-07 09:00:00 UTC,2016340980,___Darkknight___,28,1125.174,false
272,2022-10-07 09:00:00 UTC,2000247934,Rx_782,29,1117.8007,true
272,2022-10-07 09:00:00 UTC,2039709985,worker_and_parasite,30,1116.1284,true
272,2022-10-07 09:00:00 UTC,2002747300,Boz__,31,1114.543,true
272,2022-10-07 09:00:00 UTC,2002485304,Toddy339,32,1104.7143,true
272,2022-10-07 09:00:00 UTC,2006754639,Casaj,32,1104.7143,true
272,2022-10-07 09:00:00 UTC,2001967641,Mud_Garde,34,1103.186,true
272,2022-10-07 09:00:00 UTC,2018850876,SpectraX,35,1100.9346,true
272,2022-10-07 09:00:00 UTC,2002640736,stewiejp,36,1099.3366,true
272,2022-10-07 09:00:00 UTC,2001319722,Nother,37,1095.5826,true
272,2022-10-07 09:00:00 UTC,2027995563,lekafeifei,38,1093.0062,true
272,2022-10-07 09:00:00 UTC,2003272109,CowabungaRavvi,39,1074.5084,true
272,2022-10-07 09:00:00 UTC,1006705586,ShireiKan_ExcalibuR,40,1072.9836,false
272,2022-10-07 09:00:00 UTC,2000582299,malpaso,41,1071.7047,true
272,2022-10-07 09:00:00 UTC,2000452409,SeeGaul98,41,1071.7047,true
272,2022-10-07 09:00:00 UTC,2000260646,Cybernator,41,1071.7047,true
272,2022-10-07 09:00:00 UTC,1010520290,Capt_Max_Powers,41,1071.7047,false
272,2022-10-07 09:00:00 UTC,2020855642,chook_on_a_stick,41,1071.7047,true
272,2022-10-07 09:00:00 UTC,2006425873,Niclon,41,1071.7047,true
272,2022-10-07 09:00:00 UTC,2010845029,Tiger_Snake_101,41,1071.7047,true
272,2022-10-07 09:00:00 UTC,1001610323,stussy,41,1071.7047,false
272,2022-10-07 09:00:00 UTC,2001884089,RainbowAssassin,49,1064.7384,false
272,2022-10-07 09:00:00 UTC,2041396376,Brittski,49,1064.7384,true
272,2022-10-07 09:00:00 UTC,1002909487,EroticJellyfish,51,1062.4408,false
272,2022-10-07 09:00:00 UTC,1000265252,spottydog_,52,1050.047,false
272,2022-10-07 09:00:00 UTC,1016778619,Spluggs,53,1030.6597,false
272,2022-10-07 09:00:00 UTC,2019616234,RussianVodkaComrade,54,1023.2176,false
272,2022-10-07 09:00:00 UTC,2020297444,rupro_,55,1015.2494,true
272,2022-10-07 09:00:00 UTC,1002465274,heavymetal1967,56,997.3153,false
272,2022-10-07 09:00:00 UTC,2013512572,CynicalSilicon,57,986.5911,true
272,2022-10-07 09:00:00 UTC,2035192546,BluepandaANZ,58,982.9369,false
272,2022-10-07 09:00:00 UTC,2003470841,DedmanZero,59,981.5451,true
272,2022-10-07 09:00:00 UTC,2005721325,Run_Away_Brave_Sir_Robin,60,976.0017,true
272,2022-10-07 09:00:00 UTC,2016989252,Pp_Power,61,968.9708,false
272,2022-10-07 09:00:00 UTC,511422663,XecaPT,62,947.962,false
272,2022-10-07 09:00:00 UTC,2000557049,Napalmer,63,942.5017,false
272,2022-10-07 09:00:00 UTC,2000291671,CHAKA24,64,940.7869,true
272,2022-10-07 09:00:00 UTC,2005573310,JS_,65,933.9637,false
272,2022-10-07 09:00:00 UTC,2003083380,RapunzeI,66,931.5535,true
272,2022-10-07 09:00:00 UTC,2030993170,Str8JaktJim_,67,922.5324,true
272,2022-10-07 09:00:00 UTC,1022049002,BattleshipBob27,68,913.0895,false
272,2022-10-07 09:00:00 UTC,2000565777,Captain_Cows,69,889.0624,true
272,2022-10-07 09:00:00 UTC,2005965818,XpiQ,70,881.6191,false
272,2022-10-07 09:00:00 UTC,2002740285,puelhem,71,876.0327,true
272,2022-10-07 09:00:00 UTC,1008096804,invictus97,72,856.307,false
272,2022-10-07 09:00:00 UTC,2006856516,AN_Taylor,73,854.1184,true
272,2022-10-07 09:00:00 UTC,2023168291,Ausiehunter2010_B,74,835.7886,true
272,2022-10-07 09:00:00 UTC,2018324319,Benny_The_Bot,75,820.3421,false
272,2022-10-07 09:00:00 UTC,2028266763,ShooterMacgavin,76,812.4055,false
272,2022-10-07 09:00:00 UTC,2004044313,bipinjnath,77,809.6211,true
272,2022-10-07 09:00:00 UTC,2007788495,NickFury71,78,780.6663,true
272,2022-10-07 09:00:00 UTC,2004027917,blades29,79,780.3275,true
272,2022-10-07 09:00:00 UTC,2018328422,_Dastardly,80,762.9215,false
272,2022-10-07 09:00:00 UTC,2005032131,rameka13,81,750.1998,true
272,2022-10-07 09:00:00 UTC,2009307077,adriaanwar,82,736.9398,true
272,2022-10-07 09:00:00 UTC,2001438825,cjhunt2001,83,697.7261,false
272,2022-10-07 09:00:00 UTC,2014912231,NattyWW,84,691.7485,true
272,2022-10-07 09:00:00 UTC,2012105834,DrkAvngr,85,664.1551,true
272,2022-10-07 09:00:00 UTC,2041274048,pilskicasts,86,623.9529,false
272,2022-10-07 09:00:00 UTC,2028541313,Chief_Henchman,87,611.9464,true
272,2022-10-07 09:00:00 UTC,2031085489,CrystalID,88,571.3833,true
273,2022-10-14 09:00:00 UTC,2028266763,ShooterMacgavin,1,1356.6551,false
273,2022-10-14 09:00:00 UTC,2023168291,Ausiehunter2010_B,2,1258.7096,true
273,2022-10-14 09:00:00 UTC,2007451774,godmode_dead,3,1249.1392,false
273,2022-10-14 09:00:00 UTC,2018404239,Kiwi_Dynamite,3,1249.1392,false
273,2022-10-14 09:00:00 UTC,2019616234,RussianVodkaComrade,5,1246.7205,false
273,2022-10-14 09:00:00 UTC,2035527075,Deth_Proof,6,1244.6648,true
273,2022-10-14 09:00:00 UTC,1050561445,TheWardec_,7,1242.7661,false
273,2022-10-14 09:00:00 UTC,2013512572,CynicalSilicon,8,1241.1898,true
273,2022-10-14 09:00:00 UTC,1016778619,Spluggs,8,1241.1898,false
273,2022-10-14 09:00:00 UTC,2009307077,adriaanwar,10,1216.3341,true
273,2022-10-14 09:00:00 UTC,511422663,XecaPT,11,1214.4557,false
273,2022-10-14 09:00:00 UTC,1022049002,BattleshipBob27,12,1210.2509,false
273,2022-10-14 09:00:00 UTC,2000247934,Rx_782,13,1201.0351,true
273,2022-10-14 09:00:00 UTC,2002747300,Boz__,14,1198.7007,true
273,2022-10-14 09:00:00 UTC,2003632377,DarthCavalier,15,1184.9211,true
273,2022-10-14 09:00:00 UTC,2018159991,JayRated,15,1184.9211,true
273,2022-10-14 09:00:00 UTC,2002640736,stewiejp,17,1183.8787,true
273,2022-10-14 09:00:00 UTC,2004250104,Amacattack,18,1183.1216,true
273,2022-10-14 09:00:00 UTC,2005721325,Run_Away_Brave_Sir_Robin,19,1182.7728,true
273,2022-10-14 09:00:00 UTC,2039709985,worker_and_parasite,20,1181.8553,true
273,2022-10-14 09:00:00 UTC,2032315315,Jaws,21,1181.7258,true
273,2022-10-14 09:00:00 UTC,1025785336,sodeaddan,22,1176.7485,false
273,2022-10-14 09:00:00 UTC,2001319722,Nother,23,1175.0645,true
273,2022-10-14 09:00:00 UTC,2018328096,Dark_ANZPL4,24,1169.0006,false
273,2022-10-14 09:00:00 UTC,2041396376,Brittski,25,1165.9613,true
273,2022-10-14 09:00:00 UTC,2001884089,RainbowAssassin,25,1165.9613,false
273,2022-10-14 09:00:00 UTC,1051874441,SunnyRT,27,1157.1119,false
273,2022-10-14 09:00:00 UTC,2035192546,BluepandaANZ,28,1113.6318,false
273,2022-10-14 09:00:00 UTC,2016340980,___Darkknight___,29,1109.3561,false
273,2022-10-14 09:00:00 UTC,2004064732,V1perMcKay,29,1109.3561,true
273,2022-10-14 09:00:00 UTC,2018850876,SpectraX,29,1109.3561,true
273,2022-10-14 09:00:00 UTC,2000557049,Napalmer,32,1098.0208,false
273,2022-10-14 09:00:00 UTC,2016842462,isaak34,32,1098.0208,true
273,2022-10-14 09:00:00 UTC,1010520290,Capt_Max_Powers,34,1096.6654,false
273,2022-10-14 09:00:00 UTC,2004085542,Elfishguy11,34,1096.6654,false
273,2022-10-14 09:00:00 UTC,2016989252,Pp_Power,36,1091.0534,false
273,2022-10-14 09:00:00 UTC,1008096804,invictus97,37,1085.4793,false
273,2022-10-14 09:00:00 UTC,2018328422,_Dastardly,38,1084.4499,false
273,2022-10-14 09:00:00 UTC,2004027917,blades29,39,1083.0817,true
273,2022-10-14 09:00:00 UTC,2023799441,A_Raspberry_Flavoured_,40,1074.5278,false
273,2022-10-14 09:00:00 UTC,2020297444,rupro_,41,1057.3707,true
273,2022-10-14 09:00:00 UTC,2003083380,RapunzeI,42,1054.6427,true
273,2022-10-14 09:00:00 UTC,1006705586,ShireiKan_ExcalibuR,43,1054.3728,false
273,2022-10-14 09:00:00 UTC,2014554965,nev3r,44,1047.5688,true
273,2022-10-14 09:00:00 UTC,2037713345,valei,45,1046.2134,true
273,2022-10-14 09:00:00 UTC,2000670266,LeChippy,45,1046.2134,true
273,2022-10-14 09:00:00 UTC,1002465274,heavymetal1967,47,1024.4318,false
273,2022-10-14 09:00:00 UTC,1000265252,spottydog_,48,1023.8082,false
273,2022-10-14 09:00:00 UTC,2001967641,Mud_Garde,49,1022.8999,true
273,2022-10-14 09:00:00 UTC,2006754639,Casaj,50,1021.1004,true
273,2022-10-14 09:00:00 UTC,2000582299,malpaso,51,1018.7436,true
273,2022-10-14 09:00:00 UTC,2000260646,Cybernator,52,1015.9734,true
273,2022-10-14 09:00:00 UTC,2020855642,chook_on_a_stick,52,1015.9734,true
273,2022-10-14 09:00:00 UTC,2030993170,Str8JaktJim_,54,1010.8404,true
273,2022-10-14 09:00:00 UTC,2000452409,SeeGaul98,55,1009.7651,true
273,2022-10-14 09:00:00 UTC,1030218016,Casaj_Ion,55,1009.7651,false
273,2022-10-14 09:00:00 UTC,2010845029,Tiger_Snake_101,55,1009.7651,true
273,2022-10-14 09:00:00 UTC,2006856516,AN_Taylor,58,1006.126,true
273,2022-10-14 09:00:00 UTC,2002485304,Toddy339,59,1004.6381,true
273,2022-10-14 09:00:00 UTC,3000620883,Prophet_Mauser,59,1004.6381,true
273,2022-10-14 09:00:00 UTC,2027194451,haha_yes,61,1000.2177,true
273,2022-10-14 09:00:00 UTC,2003272109,CowabungaRavvi,62,995.6268,true
273,2022-10-14 09:00:00 UTC,2003470841,DedmanZero,63,986.9998,true
273,2022-10-14 09:00:00 UTC,1039826582,Nemo_516,64,986.9468,false
273,2022-10-14 09:00:00 UTC,2007788495,NickFury71,65,985.2325,true
273,2022-10-14 09:00:00 UTC,1002909487,EroticJellyfish,66,971.4659,false
273,2022-10-14 09:00:00 UTC,2023150469,CthulhuANZ,67,966.1171,false
273,2022-10-14 09:00:00 UTC,2002532110,FadingNeptune,68,956.9394,true
273,2022-10-14 09:00:00 UTC,1001610323,stussy,69,939.331,false
273,2022-10-14 09:00:00 UTC,2012105834,DrkAvngr,70,937.5674,true
273,2022-10-14 09:00:00 UTC,2027995563,lekafeifei,71,935.5525,true
273,2022-10-14 09:00:00 UTC,2004044313,bipinjnath,72,923.5859,true
273,2022-10-14 09:00:00 UTC,2000240907,Fadey,73,913.2343,true
273,2022-10-14 09:00:00 UTC,2001438825,cjhunt2001,74,908.9753,false
273,2022-10-14 09:00:00 UTC,2005573310,JS_,75,907.1933,false
273,2022-10-14 09:00:00 UTC,2006425873,Niclon,76,906.4303,true
273,2022-10-14 09:00:00 UTC,2005965818,XpiQ,77,904.9471,false
273,2022-10-14 09:00:00 UTC,2002740285,puelhem,78,900.9598,true
273,2022-10-14 09:00:00 UTC,1012705203,Nitouro,79,895.095,false
273,2022-10-14 09:00:00 UTC,2018324245,MirrasYYY,80,885.5476,true
273,2022-10-14 09:00:00 UTC,2000565777,Captain_Cows,81,844.8117,true
273,2022-10-14 09:00:00 UTC,2018324319,Benny_The_Bot,82,840.8787,false
273,2022-10-14 09:00:00 UTC,2005032131,rameka13,83,787.3923,true
273,2022-10-14 09:00:00 UTC,2000291671,CHAKA24,84,693.7452,true
273,2022-10-14 09:00:00 UTC,2028541313,Chief_Henchman,85,651.4715,true
273,2022-10-14 09:00:00 UTC,2014912231,NattyWW,86,475.0039,true
273,2022-10-14 09:00:00 UTC,2041274048,pilskicasts,87,395.1565,false
273,2022-10-14 09:00:00 UTC,2031085489,CrystalID,88,370.0573,true
274,2022-10-21 09:00:00 UTC,2004044313,bipinjnath,1,1319.4975,true
274,2022-10-21 09:00:00 UTC,2003272109,CowabungaRavvi,2,1295.2589,true
274,2022-10-21 09:00:00 UTC,2005721325,Run_Away_Brave_Sir_Robin,3,1255.8937,true
274,2022-10-21 09:00:00 UTC,2041396376,Brittski,4,1254.9803,true
274,2022-10-21 09:00:00 UTC,2001884089,RainbowAssassin,4,1254.9803,false
274,2022-10-21 09:00:00 UTC,2000247934,Rx_782,6,1212.8596,true
274,2022-10-21 09:00:00 UTC,2001319722,Nother,7,1195.108,true
274,2022-10-21 09:00:00 UTC,2001438825,cjhunt2001,8,1183.0061,false
274,2022-10-21 09:00:00 UTC,2035527075,Deth_Proof,9,1178.8502,true
274,2022-10-21 09:00:00 UTC,2032315315,Jaws,10,1167.6331,true
274,2022-10-21 09:00:00 UTC,2005965818,XpiQ,11,1164.5092,false
274,2022-10-21 09:00:00 UTC,2035192546,BluepandaANZ,12,1155.8664,false
274,2022-10-21 09:00:00 UTC,2020197313,NOBB_Chirmera_Phantom,13,1129.2632,true
274,2022-10-21 09:00:00 UTC,2002747300,Boz__,14,1123.8628,true
274,2022-10-21 09:00:00 UTC,2027995563,lekafeifei,15,1117.4119,true
274,2022-10-21 09:00:00 UTC,2016989252,Pp_Power,16,1108.1494,false
274,2022-10-21 09:00:00 UTC,1001610323,stussy,16,1108.1494,false
274,2022-10-21 09:00:00 UTC,2027194451,haha_yes,18,1101.0971,true
274,2022-10-21 09:00:00 UTC,2000557049,Napalmer,19,1093.5538,false
274,2022-10-21 09:00:00 UTC,2030993170,Str8JaktJim_,20,1082.8715,true
274,2022-10-21 09:00:00 UTC,2002640736,stewiejp,21,1078.4018,true
274,2022-10-21 09:00:00 UTC,2005573310,JS_,22,1075.965,false
274,2022-10-21 09:00:00 UTC,2037713345,valei,23,1075.4033,true
274,2022-10-21 09:00:00 UTC,1000258530,Odiouspox,24,1074.7419,false
274,2022-10-21 09:00:00 UTC,2014554965,nev3r,25,1062.0947,true
274,2022-10-21 09:00:00 UTC,2023168291,Ausiehunter2010_B,26,1061.0338,true
274,2022-10-21 09:00:00 UTC,1000265252,spottydog_,27,1053.8087,false
274,2022-10-21 09:00:00 UTC,2007451774,godmode_dead,28,1035.1811,false
274,2022-10-21 09:00:00 UTC,2006425873,Niclon,29,1015.0062,true
274,2022-10-21 09:00:00 UTC,2004085542,Elfishguy11,30,1007.9539,false
274,2022-10-21 09:00:00 UTC,1012705203,Nitouro,31,1006.6367,false
274,2022-10-21 09:00:00 UTC,2014912231,NattyWW,32,1004.1336,true
274,2022-10-21 09:00:00 UTC,2016340980,___Darkknight___,33,993.8654,false
274,2022-10-21 09:00:00 UTC,1002465274,heavymetal1967,33,993.8654,false
274,2022-10-21 09:00:00 UTC,2018850876,SpectraX,33,993.8654,true
274,2022-10-21 09:00:00 UTC,2001967641,Mud_Garde,33,993.8654,true
274,2022-10-21 09:00:00 UTC,2000260646,Cybernator,37,988.6178,true
274,2022-10-21 09:00:00 UTC,2020855642,chook_on_a_stick,37,988.6178,true
274,2022-10-21 09:00:00 UTC,2000670266,LeChippy,39,982.7672,true
274,2022-10-21 09:00:00 UTC,2003632377,DarthCavalier,39,982.7672,true
274,2022-10-21 09:00:00 UTC,2010845029,Tiger_Snake_101,39,982.7672,true
274,2022-10-21 09:00:00 UTC,1010520290,Capt_Max_Powers,39,982.7672,false
274,2022-10-21 09:00:00 UTC,2002485304,Toddy339,39,982.7672,true
274,2022-10-21 09:00:00 UTC,2018159991,JayRated,39,982.7672,true
274,2022-10-21 09:00:00 UTC,2000240907,Fadey,39,982.7672,true
274,2022-10-21 09:00:00 UTC,2000582299,malpaso,46,981.5556,true
274,2022-10-21 09:00:00 UTC,2016842462,isaak34,47,981.45,true
274,2022-10-21 09:00:00 UTC,2018324245,MirrasYYY,47,981.45,true
274,2022-10-21 09:00:00 UTC,2006754639,Casaj,47,981.45,true
274,2022-10-21 09:00:00 UTC,1030218016,Casaj_Ion,50,976.2024,false
274,2022-10-21 09:00:00 UTC,3000620883,Prophet_Mauser,50,976.2024,true
274,2022-10-21 09:00:00 UTC,2004250104,Amacattack,52,966.8544,true
274,2022-10-21 09:00:00 UTC,1022049002,BattleshipBob27,53,960.687,false
274,2022-10-21 09:00:00 UTC,2000452409,SeeGaul98,54,951.8189,true
274,2022-10-21 09:00:00 UTC,2018328096,Dark_ANZPL4,55,934.5556,false
274,2022-10-21 09:00:00 UTC,2012105834,DrkAvngr,56,933.1391,true
274,2022-10-21 09:00:00 UTC,2002740285,puelhem,57,920.9977,true
274,2022-10-21 09:00:00 UTC,1008096804,invictus97,58,914.6993,false
274,2022-10-21 09:00:00 UTC,1051874441,SunnyRT,59,908.9692,false
274,2022-10-21 09:00:00 UTC,2004027917,blades29,60,904.6674,true
274,2022-10-21 09:00:00 UTC,2019616234,RussianVodkaComrade,61,886.3764,false
274,2022-10-21 09:00:00 UTC,2002532110,FadingNeptune,62,880.756,true
274,2022-10-21 09:00:00 UTC,2004064732,V1perMcKay,63,861.9085,true
274,2022-10-21 09:00:00 UTC,2005032131,rameka13,64,854.756,true
274,2022-10-21 09:00:00 UTC,1002909487,EroticJellyfish,65,845.4831,false
274,2022-10-21 09:00:00 UTC,2039709985,worker_and_parasite,66,843.4687,true
274,2022-10-21 09:00:00 UTC,2018324319,Benny_The_Bot,67,817.2372,false
274,2022-10-21 09:00:00 UTC,2041274048,pilskicasts,68,801.5005,false
274,2022-10-21 09:00:00 UTC,2023150469,CthulhuANZ,69,789.3481,false
274,2022-10-21 09:00:00 UTC,2020297444,rupro_,70,788.3342,true
274,2022-10-21 09:00:00 UTC,2006856516,AN_Taylor,71,786.6618,true
274,2022-10-21 09:00:00 UTC,2018404239,Kiwi_Dynamite,72,778.2499,false
274,2022-10-21 09:00:00 UTC,1006705586,ShireiKan_ExcalibuR,73,776.9327,false
274,2022-10-21 09:00:00 UTC,2028266763,ShooterMacgavin,74,762.058,false
274,2022-10-21 09:00:00 UTC,2003083380,RapunzeI,75,749.815,true
274,2022-10-21 09:00:00 UTC,2013512572,CynicalSilicon,76,746.3186,true
274,2022-10-21 09:00:00 UTC,2000565777,Captain_Cows,77,738.7389,true
274,2022-10-21 09:00:00 UTC,1000354907,Sherman_Panzer,78,736.9342,false
274,2022-10-21 09:00:00 UTC,1006027120,HalfDeadTuT,78,736.9342,false
274,2022-10-21 09:00:00 UTC,511422663,XecaPT,78,736.9342,false
274,2022-10-21 09:00:00 UTC,2003470841,DedmanZero,81,731.6866,true
274,2022-10-21 09:00:00 UTC,1016778619,Spluggs,82,729.044,false
274,2022-10-21 09:00:00 UTC,1025785336,sodeaddan,82,729.044,false
274,2022-10-21 09:00:00 UTC,1039826582,Nemo_516,84,674.2754,false
274,2022-10-21 09:00:00 UTC,2018328422,_Dastardly,85,671.3538,false
274,2022-10-21 09:00:00 UTC,2009307077,adriaanwar,86,660.0407,true
274,2022-10-21 09:00:00 UTC,1050561445,TheWardec_,87,645.3854,false
274,2022-10-21 09:00:00 UTC,2028541313,Chief_Henchman,88,619.7138,true
274,2022-10-21 09:00:00 UTC,2023799441,A_Raspberry_Flavoured_,89,549.0583,false
274,2022-10-21 09:00:00 UTC,2031085489,CrystalID,90,459.5408,true
274,2022-10-21 09:00:00 UTC,2000291671,CHAKA24,91,334.7491,true
274,2022-10-21 09:00:00 UTC,2007788495,NickFury71,92,311.3223,true
275,2022-10-28 09:00:00 UTC,2007451774,godmode_dead,1,1234.5812,false
275,2022-10-28 09:00:00 UTC,2005721325,Run_Away_Brave_Sir_Robin,2,1187.2665,true
275,2022-10-28 09:00:00 UTC,2018404239,Kiwi_Dynamite,3,1166.3241,false
275,2022-10-28 09:00:00 UTC,2009307077,adriaanwar,4,1133.2054,true
275,2022-10-28 09:00:00 UTC,2037713345,valei,5,1123.0847,true
275,2022-10-28 09:00:00 UTC,2005965818,XpiQ,6,1094.4355,false
275,2022-10-28 09:00:00 UTC,2027194451,haha_yes,7,1082.8134,true
275,2022-10-28 09:00:00 UTC,2018328422,_Dastardly,8,1075.4511,false
275,2022-10-28 09:00:00 UTC,2000557049,Napalmer,9,1071.5781,false
275,2022-10-28 09:00:00 UTC,2039709985,worker_and_parasite,10,1056.0042,true
275,2022-10-28 09:00:00 UTC,2004250104,Amacattack,11,1052.4865,true
275,2022-10-28 09:00:00 UTC,2000670266,LeChippy,12,1051.7628,true
275,2022-10-28 09:00:00 UTC,2006754639,Casaj,12,1051.7628,true
275,2022-10-28 09:00:00 UTC,1030218016,Casaj_Ion,12,1051.7628,false
275,2022-10-28 09:00:00 UTC,2041396376,Brittski,15,1039.365,true
275,2022-10-28 09:00:00 UTC,2001884089,RainbowAssassin,15,1039.365,false
275,2022-10-28 09:00:00 UTC,1002909487,EroticJellyfish,17,1026.6418,false
275,2022-10-28 09:00:00 UTC,2032315315,Jaws,18,1016.0059,true
275,2022-10-28 09:00:00 UTC,2018159991,JayRated,18,1016.0059,true
275,2022-10-28 09:00:00 UTC,2000240907,Fadey,18,1016.0059,true
275,2022-10-28 09:00:00 UTC,2002532110,FadingNeptune,21,1013.2164,true
275,2022-10-28 09:00:00 UTC,2035192546,BluepandaANZ,22,994.38,false
275,2022-10-28 09:00:00 UTC,2003632377,DarthCavalier,23,983.6028,true
275,2022-10-28 09:00:00 UTC,2001967641,Mud_Garde,23,983.6028,true
275,2022-10-28 09:00:00 UTC,1006027120,HalfDeadTuT,23,983.6028,false
275,2022-10-28 09:00:00 UTC,1000354907,Sherman_Panzer,23,983.6028,false
275,2022-10-28 09:00:00 UTC,2014912231,NattyWW,27,966.1428,true
275,2022-10-28 09:00:00 UTC,2002485304,Toddy339,28,954.2563,true
275,2022-10-28 09:00:00 UTC,2041274048,pilskicasts,29,945.1426,false
275,2022-10-28 09:00:00 UTC,2016989252,Pp_Power,30,943.9372,false
275,2022-10-28 09:00:00 UTC,2004064732,V1perMcKay,31,943.1311,true
275,2022-10-28 09:00:00 UTC,2004085542,Elfishguy11,31,943.1311,false
275,2022-10-28 09:00:00 UTC,2006425873,Niclon,31,943.1311,true
275,2022-10-28 09:00:00 UTC,1002465274,heavymetal1967,31,943.1311,false
275,2022-10-28 09:00:00 UTC,1006705586,ShireiKan_ExcalibuR,35,933.5099,false
275,2022-10-28 09:00:00 UTC,2019616234,RussianVodkaComrade,36,932.9781,false
275,2022-10-28 09:00:00 UTC,1051874441,SunnyRT,37,929.3487,false
275,2022-10-28 09:00:00 UTC,2002640736,stewiejp,38,923.7768,true
275,2022-10-28 09:00:00 UTC,1039826582,Nemo_516,39,911.8739,false
275,2022-10-28 09:00:00 UTC,2018324245,MirrasYYY,40,909.9262,true
275,2022-10-28 09:00:00 UTC,2023150469,CthulhuANZ,41,907.85,false
275,2022-10-28 09:00:00 UTC,2016340980,___Darkknight___,41,907.85,false
275,2022-10-28 09:00:00 UTC,2003083380,RapunzeI,43,904.2175,true
275,2022-10-28 09:00:00 UTC,2028266763,ShooterMacgavin,44,903.5642,false
275,2022-10-28 09:00:00 UTC,2006856516,AN_Taylor,45,899.5455,true
275,2022-10-28 09:00:00 UTC,1050561445,TheWardec_,46,889.5021,false
275,2022-10-28 09:00:00 UTC,1025785336,sodeaddan,46,889.5021,false
275,2022-10-28 09:00:00 UTC,2002747300,Boz__,48,885.7376,true
275,2022-10-28 09:00:00 UTC,2035527075,Deth_Proof,49,875.6406,true
275,2022-10-28 09:00:00 UTC,2004027917,blades29,50,874.9025,true
275,2022-10-28 09:00:00 UTC,1000258530,Odiouspox,51,869.6835,false
275,2022-10-28 09:00:00 UTC,2027995563,lekafeifei,52,868.4807,true
275,2022-10-28 09:00:00 UTC,2001438825,cjhunt2001,53,868.2109,false
275,2022-10-28 09:00:00 UTC,2000247934,Rx_782,54,857.2813,true
275,2022-10-28 09:00:00 UTC,2013512572,CynicalSilicon,55,849.8159,true
275,2022-10-28 09:00:00 UTC,1016778619,Spluggs,56,845.0207,false
275,2022-10-28 09:00:00 UTC,2000582299,malpaso,57,836.3277,true
275,2022-10-28 09:00:00 UTC,2000260646,Cybernator,57,836.3277,true
275,2022-10-28 09:00:00 UTC,2018850876,SpectraX,57,836.3277,true
275,2022-10-28 09:00:00 UTC,2020855642,chook_on_a_stick,57,836.3277,true
275,2022-10-28 09:00:00 UTC,2030993170,Str8JaktJim_,61,833.3648,true
275,2022-10-28 09:00:00 UTC,1010520290,Capt_Max_Powers,62,827.6407,false
275,2022-10-28 09:00:00 UTC,2014554965,nev3r,63,824.8782,true
275,2022-10-28 09:00:00 UTC,2002740285,puelhem,64,819.1668,true
275,2022-10-28 09:00:00 UTC,2001319722,Nother,65,812.0505,true
275,2022-10-28 09:00:00 UTC,2020197313,NOBB_Chirmera_Phantom,66,797.6611,true
275,2022-10-28 09:00:00 UTC,3000620883,Prophet_Mauser,67,781.3123,true
275,2022-10-28 09:00:00 UTC,2023168291,Ausiehunter2010_B,68,776.2733,true
275,2022-10-28 09:00:00 UTC,511422663,XecaPT,69,768.1677,false
275,2022-10-28 09:00:00 UTC,2000452409,SeeGaul98,69,768.1677,true
275,2022-10-28 09:00:00 UTC,2010845029,Tiger_Snake_101,69,768.1677,true
275,2022-10-28 09:00:00 UTC,1001610323,stussy,72,758.1239,false
275,2022-10-28 09:00:00 UTC,2020297444,rupro_,73,752.7567,true
275,2022-10-28 09:00:00 UTC,1012705203,Nitouro,74,743.3121,false
275,2022-10-28 09:00:00 UTC,2007788495,NickFury71,75,684.3995,true
275,2022-10-28 09:00:00 UTC,2018324319,Benny_The_Bot,76,681.0935,false
275,2022-10-28 09:00:00 UTC,1000265252,spottydog_,77,679.1022,false
275,2022-10-28 09:00:00 UTC,2005573310,JS_,78,666.3158,false
275,2022-10-28 09:00:00 UTC,1022049002,BattleshipBob27,79,661.2247,false
275,2022-10-28 09:00:00 UTC,2016842462,isaak34,80,659.2552,true
275,2022-10-28 09:00:00 UTC,2003470841,DedmanZero,81,646.6991,true
275,2022-10-28 09:00:00 UTC,2031085489,CrystalID,82,627.0115,true
275,2022-10-28 09:00:00 UTC,2000291671,CHAKA24,83,625.5298,true
275,2022-10-28 09:00:00 UTC,2003272109,CowabungaRavvi,84,623.182,true
275,2022-10-28 09:00:00 UTC,2000565777,Captain_Cows,85,620.7584,true
275,2022-10-28 09:00:00 UTC,2005032131,rameka13,86,610.4198,true
275,2022-10-28 09:00:00 UTC,1008096804,invictus97,87,601.7092,false
275,2022-10-28 09:00:00 UTC,2023799441,A_Raspberry_Flavoured_,88,589.3445,false
275,2022-10-28 09:00:00 UTC,2018328096,Dark_ANZPL4,89,583.649,false
275,2022-10-28 09:00:00 UTC,2004044313,bipinjnath,90,554.2664,true
275,2022-10-28 09:00:00 UTC,2012105834,DrkAvngr,91,543.8029,true
275,2022-10-28 09:00:00 UTC,2028541313,Chief_Henchman,92,376.9436,true
324,2022-11-04 09:00:00 UTC,2016842462,isaak34,1,1607.8961,true
324,2022-11-04 09:00:00 UTC,2000240907,Fadey,2,1583.3,true
324,2022-11-04 09:00:00 UTC,1002465274,heavymetal1967,3,1544.6629,false
324,2022-11-04 09:00:00 UTC,2010845029,Tiger_Snake_101,4,1542.4257,true
324,2022-11-04 09:00:00 UTC,2000670266,LeChippy,4,1542.4257,true
324,2022-11-04 09:00:00 UTC,2037713345,valei,6,1523.7598,true
324,2022-11-04 09:00:00 UTC,2014554965,nev3r,7,1520.0911,true
324,2022-11-04 09:00:00 UTC,2035192546,BluepandaANZ,8,1519.1847,false
324,2022-11-04 09:00:00 UTC,2020197313,NOBB_Chirmera_Phantom,9,1504.1185,true
324,2022-11-04 09:00:00 UTC,2001967641,Mud_Garde,10,1473.1551,true
324,2022-11-04 09:00:00 UTC,2000452409,SeeGaul98,10,1473.1551,true
324,2022-11-04 09:00:00 UTC,2018159991,JayRated,10,1473.1551,true
324,2022-11-04 09:00:00 UTC,2006425873,Niclon,10,1473.1551,true
324,2022-11-04 09:00:00 UTC,2002485304,Toddy339,10,1473.1551,true
324,2022-11-04 09:00:00 UTC,2004085542,Elfishguy11,15,1465.8469,false
324,2022-11-04 09:00:00 UTC,2004250104,Amacattack,16,1447.181,true
324,2022-11-04 09:00:00 UTC,2023150469,CthulhuANZ,17,1438.7567,false
324,2022-11-04 09:00:00 UTC,2018850876,SpectraX,18,1432.6107,true
324,2022-11-04 09:00:00 UTC,2030993170,Str8JaktJim_,18,1432.6107,true
324,2022-11-04 09:00:00 UTC,2002747300,Boz__,20,1424.3056,true
324,2022-11-04 09:00:00 UTC,2028266763,ShooterMacgavin,21,1411.0052,false
324,2022-11-04 09:00:00 UTC,1002909487,EroticJellyfish,22,1405.6627,false
324,2022-11-04 09:00:00 UTC,2000247934,Rx_782,23,1404.9493,true
324,2022-11-04 09:00:00 UTC,2032315315,Jaws,23,1404.9493,true
324,2022-11-04 09:00:00 UTC,2003632377,DarthCavalier,25,1404.6826,true
324,2022-11-04 09:00:00 UTC,2000557049,Napalmer,26,1399.9324,false
324,2022-11-04 09:00:00 UTC,2001884089,RainbowAssassin,27,1397.6411,false
324,2022-11-04 09:00:00 UTC,2004064732,V1perMcKay,28,1394.2984,true
324,2022-11-04 09:00:00 UTC,2014912231,NattyWW,29,1379.0569,true
324,2022-11-04 09:00:00 UTC,1010520290,Capt_Max_Powers,30,1375.3644,false
324,2022-11-04 09:00:00 UTC,2019616234,RussianVodkaComrade,31,1332.2568,false
324,2022-11-04 09:00:00 UTC,2000582299,malpaso,32,1330.3308,true
324,2022-11-04 09:00:00 UTC,2018324245,MirrasYYY,33,1308.7108,true
324,2022-11-04 09:00:00 UTC,2000565777,Captain_Cows,34,1305.1331,true
324,2022-11-04 09:00:00 UTC,2006754639,Casaj,35,1294.3211,true
324,2022-11-04 09:00:00 UTC,1030218016,Casaj_Ion,35,1294.3211,false
324,2022-11-04 09:00:00 UTC,1000354907,Sherman_Panzer,37,1286.9335,false
324,2022-11-04 09:00:00 UTC,1006027120,HalfDeadTuT,37,1286.9335,false
324,2022-11-04 09:00:00 UTC,2005721325,Run_Away_Brave_Sir_Robin,39,1282.6573,true
324,2022-11-04 09:00:00 UTC,2009307077,adriaanwar,40,1260.4796,true
324,2022-11-04 09:00:00 UTC,2018404239,Kiwi_Dynamite,41,1258.8579,false
324,2022-11-04 09:00:00 UTC,2023168291,Ausiehunter2010_B,42,1228.8979,true
324,2022-11-04 09:00:00 UTC,2003083380,RapunzeI,43,1218.8888,true
324,2022-11-04 09:00:00 UTC,2005965818,XpiQ,44,1197.5578,false
324,2022-11-04 09:00:00 UTC,2000260646,Cybernator,45,1184.5061,true
324,2022-11-04 09:00:00 UTC,2020855642,chook_on_a_stick,45,1184.5061,true
324,2022-11-04 09:00:00 UTC,511422663,XecaPT,47,1177.1185,false
324,2022-11-04 09:00:00 UTC,2016989252,Pp_Power,47,1177.1185,false
324,2022-11-04 09:00:00 UTC,2018328422,_Dastardly,49,1156.1036,false
324,2022-11-04 09:00:00 UTC,2013512572,CynicalSilicon,50,1151.2271,true
324,2022-11-04 09:00:00 UTC,2016340980,___Darkknight___,51,1149.0429,false
324,2022-11-04 09:00:00 UTC,1025785336,sodeaddan,52,1138.9077,false
324,2022-11-04 09:00:00 UTC,2027194451,haha_yes,53,1138.2309,true
324,2022-11-04 09:00:00 UTC,1001610323,stussy,54,1136.7216,false
324,2022-11-04 09:00:00 UTC,2002532110,FadingNeptune,55,1131.498,true
324,2022-11-04 09:00:00 UTC,2007451774,godmode_dead,56,1130.8433,false
324,2022-11-04 09:00:00 UTC,1016778619,Spluggs,57,1091.0217,false
324,2022-11-04 09:00:00 UTC,2018324319,Benny_The_Bot,58,1066.2175,false
324,2022-11-04 09:00:00 UTC,2035527075,Deth_Proof,59,1060.4864,true
324,2022-11-04 09:00:00 UTC,1000258530,Odiouspox,60,1053.2186,false
324,2022-11-04 09:00:00 UTC,2041396376,Brittski,61,1027.1651,true
324,2022-11-04 09:00:00 UTC,1008096804,invictus97,62,1018.3307,false
324,2022-11-04 09:00:00 UTC,1000265252,spottydog_,62,1018.3307,false
324,2022-11-04 09:00:00 UTC,3000620883,Prophet_Mauser,64,1016.0946,true
324,2022-11-04 09:00:00 UTC,2002640736,stewiejp,65,1012.4139,true
324,2022-11-04 09:00:00 UTC,2027995563,lekafeifei,66,1007.5187,true
324,2022-11-04 09:00:00 UTC,2039709985,worker_and_parasite,67,1006.9434,true
324,2022-11-04 09:00:00 UTC,2003470841,DedmanZero,68,990.8969,true
324,2022-11-04 09:00:00 UTC,2012105834,DrkAvngr,69,982.4788,true
324,2022-11-04 09:00:00 UTC,1006705586,ShireiKan_ExcalibuR,70,962.8213,false
324,2022-11-04 09:00:00 UTC,2001438825,cjhunt2001,71,955.3962,false
324,2022-11-04 09:00:00 UTC,2003272109,CowabungaRavvi,72,950.1249,true
324,2022-11-04 09:00:00 UTC,1050561445,TheWardec_,73,945.197,false
324,2022-11-04 09:00:00 UTC,1051874441,SunnyRT,74,914.3244,false
324,2022-11-04 09:00:00 UTC,2001319722,Nother,75,869.6237,true
324,2022-11-04 09:00:00 UTC,2006856516,AN_Taylor,76,852.4543,true
324,2022-11-04 09:00:00 UTC,1012705203,Nitouro,77,829.873,false
324,2022-11-04 09:00:00 UTC,1039826582,Nemo_516,78,829.6311,false
324,2022-11-04 09:00:00 UTC,2004044313,bipinjnath,79,821.1312,true
324,2022-11-04 09:00:00 UTC,2020297444,rupro_,80,814.0812,true
324,2022-11-04 09:00:00 UTC,1022049002,BattleshipBob27,81,794.4098,false
324,2022-11-04 09:00:00 UTC,2005032131,rameka13,82,774.6225,true
324,2022-11-04 09:00:00 UTC,2000291671,CHAKA24,83,767.8896,true
324,2022-11-04 09:00:00 UTC,2005573310,JS_,84,764.571,false
324,2022-11-04 09:00:00 UTC,2004027917,blades29,85,712.0292,true
324,2022-11-04 09:00:00 UTC,2023799441,A_Raspberry_Flavoured_,86,674.393,false
324,2022-11-04 09:00:00 UTC,2002740285,puelhem,87,534.6794,true
324,2022-11-04 09:00:00 UTC,2018328096,Dark_ANZPL4,88,493.0702,false
324,2022-11-04 09:00:00 UTC,2007788495,NickFury71,89,455.1868,true
324,2022-11-04 09:00:00 UTC,2041274048,pilskicasts,90,430.2221,false
324,2022-11-04 09:00:00 UTC,2028541313,Chief_Henchman,91,378.3564,true
324,2022-11-04 09:00:00 UTC,2031085489,CrystalID,92,170.3927,true
325,2022-11-11 10:30:00 UTC,2018404239,Kiwi_Dynamite,1,1270.9873,false
325,2022-11-11 10:30:00 UTC,2030993170,Str8JaktJim_,1,1270.9873,true
325,2022-11-11 10:30:00 UTC,2032315315,Jaws,1,1270.9873,true
325,2022-11-11 10:30:00 UTC,2000240907,Fadey,1,1270.9873,true
325,2022-11-11 10:30:00 UTC,1010520290,Capt_Max_Powers,5,1210.5695,false
325,2022-11-11 10:30:00 UTC,2018159991,JayRated,5,1210.5695,true
325,2022-11-11 10:30:00 UTC,2010845029,Tiger_Snake_101,5,1210.5695,true
325,2022-11-11 10:30:00 UTC,2001884089,RainbowAssassin,8,1199.1828,false
325,2022-11-11 10:30:00 UTC,2016842462,isaak34,9,1101.2005,true
325,2022-11-11 10:30:00 UTC,2002747300,Boz__,10,1078.3011,true
325,2022-11-11 10:30:00 UTC,2014554965,nev3r,11,1058.3109,true
325,2022-11-11 10:30:00 UTC,2001438825,cjhunt2001,12,1046.2469,false
325,2022-11-11 10:30:00 UTC,2037713345,valei,13,1042.911,true
325,2022-11-11 10:30:00 UTC,2005721325,Run_Away_Brave_Sir_Robin,13,1042.911,true
325,2022-11-11 10:30:00 UTC,2006425873,Niclon,15,1037.9649,true
325,2022-11-11 10:30:00 UTC,2004085542,Elfishguy11,16,997.5373,false
325,2022-11-11 10:30:00 UTC,2002640736,stewiejp,16,997.5373,true
325,2022-11-11 10:30:00 UTC,2000670266,LeChippy,18,963.2556,true
325,2022-11-11 10:30:00 UTC,2003632377,DarthCavalier,19,940.3562,true
325,2022-11-11 10:30:00 UTC,2004250104,Amacattack,20,925.7328,true
325,2022-11-11 10:30:00 UTC,2003470841,DedmanZero,21,911.6368,true
325,2022-11-11 10:30:00 UTC,2023168291,Ausiehunter2010_B,22,902.7917,true
325,2022-11-11 10:30:00 UTC,2004064732,V1perMcKay,23,899.9286,true
325,2022-11-11 10:30:00 UTC,2000452409,SeeGaul98,23,899.9286,true
325,2022-11-11 10:30:00 UTC,2028266763,ShooterMacgavin,25,894.46,false
325,2022-11-11 10:30:00 UTC,2000557049,Napalmer,26,894.3685,false
325,2022-11-11 10:30:00 UTC,2000247934,Rx_782,27,874.0225,true
325,2022-11-11 10:30:00 UTC,2023150469,CthulhuANZ,28,848.1143,false
325,2022-11-11 10:30:00 UTC,2018850876,SpectraX,28,848.1143,true
325,2022-11-11 10:30:00 UTC,1002465274,heavymetal1967,30,810.5915,false
325,2022-11-11 10:30:00 UTC,2006754639,Casaj,31,776.5053,true
325,2022-11-11 10:30:00 UTC,2014912231,NattyWW,32,735.606,true
325,2022-11-11 10:30:00 UTC,2003083380,RapunzeI,33,707.2424,true
325,2022-11-11 10:30:00 UTC,2039709985,worker_and_parasite,34,675.9814,true
325,2022-11-11 10:30:00 UTC,2035527075,Deth_Proof,35,667.1363,true
325,2022-11-11 10:30:00 UTC,2018328422,_Dastardly,36,640.4776,false
325,2022-11-11 10:30:00 UTC,2009307077,adriaanwar,37,612.1827,true
325,2022-11-11 10:30:00 UTC,2018324245,MirrasYYY,38,606.7185,true
325,2022-11-11 10:30:00 UTC,2002532110,FadingNeptune,39,592.1925,true
325,2022-11-11 10:30:00 UTC,2016340980,___Darkknight___,40,583.8191,false
325,2022-11-11 10:30:00 UTC,1006705586,ShireiKan_ExcalibuR,40,583.8191,false
325,2022-11-11 10:30:00 UTC,2000565777,Captain_Cows,40,583.8191,true
325,2022-11-11 10:30:00 UTC,2007451774,godmode_dead,43,540.8499,false
325,2022-11-11 10:30:00 UTC,2002485304,Toddy339,43,540.8499,true
325,2022-11-11 10:30:00 UTC,2001967641,Mud_Garde,43,540.8499,true
325,2022-11-11 10:30:00 UTC,2013512572,CynicalSilicon,43,540.8499,true
325,2022-11-11 10:30:00 UTC,1006027120,HalfDeadTuT,43,540.8499,false
325,2022-11-11 10:30:00 UTC,1000354907,Sherman_Panzer,43,540.8499,false
325,2022-11-11 10:30:00 UTC,1050561445,TheWardec_,43,540.8499,false
325,2022-11-11 10:30:00 UTC,1025785336,sodeaddan,43,540.8499,false
325,2022-11-11 10:30:00 UTC,1016778619,Spluggs,43,540.8499,false
325,2022-11-11 10:30:00 UTC,2035192546,BluepandaANZ,52,503.3271,false
325,2022-11-11 10:30:00 UTC,2023799441,A_Raspberry_Flavoured_,52,503.3271,false
325,2022-11-11 10:30:00 UTC,2019616234,RussianVodkaComrade,54,491.6686,false
325,2022-11-11 10:30:00 UTC,1008096804,invictus97,55,483.2952,false
325,2022-11-11 10:30:00 UTC,1000265252,spottydog_,55,483.2952,false
325,2022-11-11 10:30:00 UTC,2018324319,Benny_The_Bot,57,474.872,false
325,2022-11-11 10:30:00 UTC,2020197313,NOBB_Chirmera_Phantom,58,434.0642,true
325,2022-11-11 10:30:00 UTC,1030218016,Casaj_Ion,59,428.3416,false
325,2022-11-11 10:30:00 UTC,2027194451,haha_yes,59,428.3416,true
325,2022-11-11 10:30:00 UTC,2004027917,blades29,61,419.4965,true
325,2022-11-11 10:30:00 UTC,2002740285,puelhem,62,376.5273,true
325,2022-11-11 10:30:00 UTC,2006856516,AN_Taylor,63,356.5371,true
325,2022-11-11 10:30:00 UTC,1002909487,EroticJellyfish,63,356.5371,false
325,2022-11-11 10:30:00 UTC,1001610323,stussy,65,348.1637,false
325,2022-11-11 10:30:00 UTC,511422663,XecaPT,65,348.1637,false
325,2022-11-11 10:30:00 UTC,2005573310,JS_,65,348.1637,false
325,2022-11-11 10:30:00 UTC,2016989252,Pp_Power,65,348.1637,false
325,2022-11-11 10:30:00 UTC,2018328096,Dark_ANZPL4,65,348.1637,false
325,2022-11-11 10:30:00 UTC,1051874441,SunnyRT,65,348.1637,false
325,2022-11-11 10:30:00 UTC,1022049002,BattleshipBob27,65,348.1637,false
325,2022-11-11 10:30:00 UTC,2027995563,lekafeifei,72,327.8177,true
325,2022-11-11 10:30:00 UTC,2001319722,Nother,73,318.9726,true
325,2022-11-11 10:30:00 UTC,2003272109,CowabungaRavvi,73,318.9726,true
325,2022-11-11 10:30:00 UTC,2012105834,DrkAvngr,75,310.6409,true
325,2022-11-11 10:30:00 UTC,2028541313,Chief_Henchman,75,310.6409,true
325,2022-11-11 10:30:00 UTC,2005965818,XpiQ,77,261.8398,false
325,2022-11-11 10:30:00 UTC,2020855642,chook_on_a_stick,78,235.6554,true
325,2022-11-11 10:30:00 UTC,2041274048,pilskicasts,78,235.6554,false
325,2022-11-11 10:30:00 UTC,2000582299,malpaso,78,235.6554,true
325,2022-11-11 10:30:00 UTC,2000260646,Cybernator,78,235.6554,true
325,2022-11-11 10:30:00 UTC,2007788495,NickFury71,82,192.6862,true
325,2022-11-11 10:30:00 UTC,1039826582,Nemo_516,82,192.6862,false
325,2022-11-11 10:30:00 UTC,2000291671,CHAKA24,84,163.8509,true
325,2022-11-11 10:30:00 UTC,1000258530,Odiouspox,85,135.1315,false
325,2022-11-11 10:30:00 UTC,2004044313,bipinjnath,85,135.1315,true
325,2022-11-11 10:30:00 UTC,2041396376,Brittski,85,135.1315,true
325,2022-11-11 10:30:00 UTC,2031085489,CrystalID,88,126.7083,true
325,2022-11-11 10:30:00 UTC,2005032131,rameka13,89,0.0,true
325,2022-11-11 10:30:00 UTC,3000620883,Prophet_Mauser,89,0.0,true
325,2022-11-11 10:30:00 UTC,1012705203,Nitouro,89,0.0,false
325,2022-11-11 10:30:00 UTC,2020297444,rupro_,89,0.0,true
331,2022-11-26 09:30:00 UTC,2004027917,blades29,1,2104.3668,true
331,2022-11-26 09:30:00 UTC,2037713345,valei,2,2072.8383,true
331,2022-11-26 09:30:00 UTC,2000670266,LeChippy,3,1986.9749,true
331,2022-11-26 09:30:00 UTC,2010845029,Tiger_Snake_101,3,1986.9749,true
331,2022-11-26 09:30:00 UTC,2023150469,CthulhuANZ,3,1986.9749,false
331,2022-11-26 09:30:00 UTC,2003470841,DedmanZero,3,1986.9749,true
331,2022-11-26 09:30:00 UTC,2000240907,Fadey,3,1986.9749,true
331,2022-11-26 09:30:00 UTC,2032315315,Jaws,8,1922.3555,true
331,2022-11-26 09:30:00 UTC,2004085542,Elfishguy11,9,1906.6431,false
331,2022-11-26 09:30:00 UTC,1010520290,Capt_Max_Powers,9,1906.6431,false
331,2022-11-26 09:30:00 UTC,2018404239,Kiwi_Dynamite,9,1906.6431,false
331,2022-11-26 09:30:00 UTC,2000452409,SeeGaul98,9,1906.6431,true
331,2022-11-26 09:30:00 UTC,2023799441,A_Raspberry_Flavoured_,9,1906.6431,false
331,2022-11-26 09:30:00 UTC,2001884089,RainbowAssassin,9,1906.6431,false
331,2022-11-26 09:30:00 UTC,1030218016,Casaj_Ion,15,1877.108,false
331,2022-11-26 09:30:00 UTC,2006425873,Niclon,15,1877.108,true
331,2022-11-26 09:30:00 UTC,2000557049,Napalmer,15,1877.108,false
331,2022-11-26 09:30:00 UTC,2000247934,Rx_782,18,1872.2811,true
331,2022-11-26 09:30:00 UTC,2004250104,Amacattack,19,1866.9939,true
331,2022-11-26 09:30:00 UTC,2016842462,isaak34,20,1831.6652,true
331,2022-11-26 09:30:00 UTC,2005721325,Run_Away_Brave_Sir_Robin,21,1815.9528,true
331,2022-11-26 09:30:00 UTC,2004064732,V1perMcKay,22,1786.4177,true
331,2022-11-26 09:30:00 UTC,1006027120,HalfDeadTuT,23,1678.5401,false
331,2022-11-26 09:30:00 UTC,2018159991,JayRated,23,1678.5401,true
331,2022-11-26 09:30:00 UTC,1000354907,Sherman_Panzer,23,1678.5401,false
331,2022-11-26 09:30:00 UTC,2001967641,Mud_Garde,23,1678.5401,true
331,2022-11-26 09:30:00 UTC,2002485304,Toddy339,23,1678.5401,true
331,2022-11-26 09:30:00 UTC,2030993170,Str8JaktJim_,23,1678.5401,true
331,2022-11-26 09:30:00 UTC,2003632377,DarthCavalier,23,1678.5401,true
331,2022-11-26 09:30:00 UTC,2006754639,Casaj,23,1678.5401,true
331,2022-11-26 09:30:00 UTC,2018850876,SpectraX,23,1678.5401,true
331,2022-11-26 09:30:00 UTC,2039709985,worker_and_parasite,32,1649.005,true
331,2022-11-26 09:30:00 UTC,2005965818,XpiQ,33,1636.0574,false
331,2022-11-26 09:30:00 UTC,1002465274,heavymetal1967,34,1558.5591,false
331,2022-11-26 09:30:00 UTC,2014554965,nev3r,35,1422.6213,true
331,2022-11-26 09:30:00 UTC,1002909487,EroticJellyfish,36,1330.4561,false
331,2022-11-26 09:30:00 UTC,2027194451,haha_yes,36,1330.4561,true
331,2022-11-26 09:30:00 UTC,2035192546,BluepandaANZ,38,1328.9944,false
331,2022-11-26 09:30:00 UTC,1051874441,SunnyRT,39,1320.0309,false
331,2022-11-26 09:30:00 UTC,1000258530,Odiouspox,40,1295.1274,false
331,2022-11-26 09:30:00 UTC,2018324245,MirrasYYY,40,1295.1274,true
331,2022-11-26 09:30:00 UTC,2007451774,godmode_dead,42,1285.2086,false
331,2022-11-26 09:30:00 UTC,2000565777,Captain_Cows,43,1279.415,true
331,2022-11-26 09:30:00 UTC,511422663,XecaPT,43,1279.415,false
331,2022-11-26 09:30:00 UTC,2016340980,___Darkknight___,43,1279.415,false
331,2022-11-26 09:30:00 UTC,1001610323,stussy,43,1279.415,false
331,2022-11-26 09:30:00 UTC,2016989252,Pp_Power,43,1279.415,false
331,2022-11-26 09:30:00 UTC,2041396376,Brittski,48,1210.2307,true
331,2022-11-26 09:30:00 UTC,2018324319,Benny_The_Bot,49,1167.2422,false
331,2022-11-26 09:30:00 UTC,2020197313,NOBB_Chirmera_Phantom,50,1159.434,true
331,2022-11-26 09:30:00 UTC,2019616234,RussianVodkaComrade,51,1156.253,false
331,2022-11-26 09:30:00 UTC,2027995563,lekafeifei,51,1156.253,true
331,2022-11-26 09:30:00 UTC,1050561445,TheWardec_,53,1140.5406,false
331,2022-11-26 09:30:00 UTC,1016778619,Spluggs,53,1140.5406,false
331,2022-11-26 09:30:00 UTC,1025785336,sodeaddan,53,1140.5406,false
331,2022-11-26 09:30:00 UTC,2013512572,CynicalSilicon,53,1140.5406,true
331,2022-11-26 09:30:00 UTC,1008096804,invictus97,57,1105.2119,false
331,2022-11-26 09:30:00 UTC,1000265252,spottydog_,57,1105.2119,false
331,2022-11-26 09:30:00 UTC,2002640736,stewiejp,59,1097.8412,true
331,2022-11-26 09:30:00 UTC,1039826582,Nemo_516,60,1092.554,false
331,2022-11-26 09:30:00 UTC,2014912231,NattyWW,61,1090.4662,true
331,2022-11-26 09:30:00 UTC,2028266763,ShooterMacgavin,62,1010.1344,false
331,2022-11-26 09:30:00 UTC,1012705203,Nitouro,63,931.331,false
331,2022-11-26 09:30:00 UTC,2000260646,Cybernator,63,931.331,true
331,2022-11-26 09:30:00 UTC,2000582299,malpaso,63,931.331,true
331,2022-11-26 09:30:00 UTC,2020855642,chook_on_a_stick,63,931.331,true
331,2022-11-26 09:30:00 UTC,3000620883,Prophet_Mauser,63,931.331,true
331,2022-11-26 09:30:00 UTC,1022049002,BattleshipBob27,68,886.0835,false
331,2022-11-26 09:30:00 UTC,2005573310,JS_,68,886.0835,false
331,2022-11-26 09:30:00 UTC,1006705586,ShireiKan_ExcalibuR,68,886.0835,false
331,2022-11-26 09:30:00 UTC,2009307077,adriaanwar,71,833.0725,true
331,2022-11-26 09:30:00 UTC,2020297444,rupro_,72,827.2789,true
331,2022-11-26 09:30:00 UTC,2004044313,bipinjnath,73,797.7438,true
331,2022-11-26 09:30:00 UTC,2002532110,FadingNeptune,74,792.4566,true
331,2022-11-26 09:30:00 UTC,2018328422,_Dastardly,75,789.6231,false
331,2022-11-26 09:30:00 UTC,2003272109,CowabungaRavvi,76,757.1279,true
331,2022-11-26 09:30:00 UTC,2003083380,RapunzeI,77,741.4155,true
331,2022-11-26 09:30:00 UTC,2023168291,Ausiehunter2010_B,78,711.8804,true
331,2022-11-26 09:30:00 UTC,2035527075,Deth_Proof,78,711.8804,true
331,2022-11-26 09:30:00 UTC,2006856516,AN_Taylor,80,699.2225,true
331,2022-11-26 09:30:00 UTC,2012105834,DrkAvngr,81,621.4345,true
331,2022-11-26 09:30:00 UTC,2002747300,Boz__,82,576.187,true
331,2022-11-26 09:30:00 UTC,2005032131,rameka13,83,537.9995,true
331,2022-11-26 09:30:00 UTC,2031085489,CrystalID,84,425.8267,true
331,2022-11-26 09:30:00 UTC,2002740285,puelhem,85,399.1251,true
331,2022-11-26 09:30:00 UTC,2007788495,NickFury71,85,399.1251,true
331,2022-11-26 09:30:00 UTC,2000291671,CHAKA24,87,393.3315,true
331,2022-11-26 09:30:00 UTC,2001438825,cjhunt2001,87,393.3315,false
331,2022-11-26 09:30:00 UTC,2001319722,Nother,89,363.7964,true
331,2022-11-26 09:30:00 UTC,2018328096,Dark_ANZPL4,90,348.084,false
331,2022-11-26 09:30:00 UTC,2028541313,Chief_Henchman,91,228.103,true
331,2022-11-26 09:30:00 UTC,2041274048,pilskicasts,92,0.0,false
