generated_at,2025-04-30 23:36:51 UTC

day_id,day_start_at,user_id,user_name,user_day_position,user_day_calculated_score,prizing_eligible
168,2021-09-03 08:00:00 UTC,2031489029,Player_2455005026,1,1130.5467,true
168,2021-09-03 08:00:00 UTC,2018332624,SaxonOrrick,2,1120.5472,false
168,2021-09-03 08:00:00 UTC,2000565777,Captain_Cows,3,1115.1627,false
168,2021-09-03 08:00:00 UTC,2005573310,JS_,4,1085.3493,false
168,2021-09-03 08:00:00 UTC,2016842462,isaak34,5,1056.9621,true
168,2021-09-03 08:00:00 UTC,2001884089,RainbowAssassin,6,1054.0468,false
168,2021-09-03 08:00:00 UTC,2003906969,ikj007,7,1052.4497,true
168,2021-09-03 08:00:00 UTC,2018717708,__Bluey__,8,1023.8311,false
168,2021-09-03 08:00:00 UTC,2003454375,na0,9,1022.347,true
168,2021-09-03 08:00:00 UTC,2003085633,13bladez,10,1001.6156,false
168,2021-09-03 08:00:00 UTC,2018404239,Kiwi_Dynamite,11,995.3816,true
168,2021-09-03 08:00:00 UTC,2014554965,nev3r,12,977.3309,false
168,2021-09-03 08:00:00 UTC,2018331370,Thomark,13,975.7421,true
168,2021-09-03 08:00:00 UTC,2000452409,SeeGaul98,14,974.7171,true
168,2021-09-03 08:00:00 UTC,2003016904,ScoMo_at_Engadine_Maccas,15,970.8879,false
168,2021-09-03 08:00:00 UTC,2034894561,k1ngk1ler,15,970.8879,true
168,2021-09-03 08:00:00 UTC,2000533261,Centurion_MK64,17,960.7273,true
168,2021-09-03 08:00:00 UTC,2016609157,quirkyturtle86,18,945.3994,true
168,2021-09-03 08:00:00 UTC,2014795220,_Howto,19,943.8103,true
168,2021-09-03 08:00:00 UTC,2002701984,Zeeray,20,933.69,true
168,2021-09-03 08:00:00 UTC,2003272109,CowabungaRavvi,21,927.5387,false
168,2021-09-03 08:00:00 UTC,2000670266,LeChippy,22,926.9134,true
168,2021-09-03 08:00:00 UTC,2012105834,DrkAvngr,23,925.6937,true
168,2021-09-03 08:00:00 UTC,2004085542,Elfishguy11,24,923.2532,false
168,2021-09-03 08:00:00 UTC,2010845029,Tiger_Snake_101,25,912.4845,true
168,2021-09-03 08:00:00 UTC,2001659726,CandleSaul,26,900.5836,true
168,2021-09-03 08:00:00 UTC,2000240907,Fadey,27,894.8388,true
168,2021-09-03 08:00:00 UTC,2003647964,SandManAU,28,892.9271,false
168,2021-09-03 08:00:00 UTC,2018328096,Dark_ANZPL4,29,884.9758,false
168,2021-09-03 08:00:00 UTC,2001428029,Tickle_Monster,30,863.76,true
168,2021-09-03 08:00:00 UTC,2004163244,Knobzy,31,854.3778,true
168,2021-09-03 08:00:00 UTC,2017703841,KaRathCS,32,843.077,false
168,2021-09-03 08:00:00 UTC,2003348735,Hotrodcoupe12,33,841.6366,true
168,2021-09-03 08:00:00 UTC,2026777554,Mattacus__,34,833.1392,false
168,2021-09-03 08:00:00 UTC,2018159991,JayRated,34,833.1392,false
168,2021-09-03 08:00:00 UTC,2030993170,Str8JaktJim_,36,819.9095,true
168,2021-09-03 08:00:00 UTC,2023799441,A_Raspberry_Flavoured_,37,804.8781,false
168,2021-09-03 08:00:00 UTC,1001255155,chase_no_cinco,38,794.4153,false
168,2021-09-03 08:00:00 UTC,2032315315,Jaws,39,793.318,false
168,2021-09-03 08:00:00 UTC,2003535036,Saffe,40,792.8067,false
168,2021-09-03 08:00:00 UTC,2000529778,Aunty_Jacinda,40,792.8067,false
168,2021-09-03 08:00:00 UTC,2020297444,rupro_,42,790.5422,true
168,2021-09-03 08:00:00 UTC,2013512572,CynicalSilicon,43,787.389,false
168,2021-09-03 08:00:00 UTC,2006069245,WotsNV,44,772.3059,true
168,2021-09-03 08:00:00 UTC,2018658600,Twit_,45,753.7529,false
168,2021-09-03 08:00:00 UTC,2027194451,haha_yes,46,753.0168,true
168,2021-09-03 08:00:00 UTC,2008666381,sammie_2015,47,752.6252,true
168,2021-09-03 08:00:00 UTC,2005775629,Ziggy_Bravo_27,48,752.3144,true
168,2021-09-03 08:00:00 UTC,2003632377,DarthCavalier,49,749.2224,true
168,2021-09-03 08:00:00 UTC,2002640736,stewiejp,50,748.0394,true
168,2021-09-03 08:00:00 UTC,2002050020,LightningMan,51,732.601,false
168,2021-09-03 08:00:00 UTC,2003083380,RapunzeI,52,730.3993,true
168,2021-09-03 08:00:00 UTC,2002046057,_0reos_,53,719.5525,true
168,2021-09-03 08:00:00 UTC,2016989252,Pp_Power,54,719.5437,true
168,2021-09-03 08:00:00 UTC,2005965818,XpiQ,55,715.5481,false
168,2021-09-03 08:00:00 UTC,2029575983,Dunder21,56,710.5973,true
168,2021-09-03 08:00:00 UTC,2012905535,Beast_Tanker444,57,709.3818,true
168,2021-09-03 08:00:00 UTC,2019488005,Abu_Ghifaari,58,709.3807,true
168,2021-09-03 08:00:00 UTC,3000620883,Prophet_Mauser,59,697.8774,true
168,2021-09-03 08:00:00 UTC,2005201046,Vilitch,60,695.2536,true
168,2021-09-03 08:00:00 UTC,2025950308,ThitHeo_TomChua,61,682.2778,true
168,2021-09-03 08:00:00 UTC,2013338869,Trina_Made_It,61,682.2778,true
168,2021-09-03 08:00:00 UTC,2031998941,NawaguH,61,682.2778,true
168,2021-09-03 08:00:00 UTC,2001578320,Cyn_nev3r_Fondle_Jay,64,678.6824,true
168,2021-09-03 08:00:00 UTC,2001438825,cjhunt2001,65,678.0224,false
168,2021-09-03 08:00:00 UTC,2000531395,Rovert34,66,672.5343,true
168,2021-09-03 08:00:00 UTC,2025201130,jo_hova,67,672.2558,true
168,2021-09-03 08:00:00 UTC,2004608779,9_9_destroyer,68,668.2426,true
168,2021-09-03 08:00:00 UTC,2018328304,Chipmunk0007,69,626.1673,true
168,2021-09-03 08:00:00 UTC,2001360923,kies0999,70,622.8903,true
168,2021-09-03 08:00:00 UTC,2002485304,Toddy339,71,622.1866,true
168,2021-09-03 08:00:00 UTC,2000000419,_SIayer,72,620.1091,false
168,2021-09-03 08:00:00 UTC,2018324319,Benny_The_Bot,73,616.2443,false
168,2021-09-03 08:00:00 UTC,2000557049,Napalmer,74,590.2322,false
168,2021-09-03 08:00:00 UTC,2018338956,RowendyTheTwoTime,75,589.086,true
168,2021-09-03 08:00:00 UTC,2011225706,Bradley_Ando_Anderson,76,585.1621,true
168,2021-09-03 08:00:00 UTC,2007764393,gloster173,77,579.4804,true
168,2021-09-03 08:00:00 UTC,2003599228,TheBeyonder,78,563.6054,true
168,2021-09-03 08:00:00 UTC,2000582299,malpaso,79,539.9124,true
168,2021-09-03 08:00:00 UTC,2014872384,El_Comandante,80,526.6855,true
168,2021-09-03 08:00:00 UTC,2018850876,SpectraX,81,523.4348,true
168,2021-09-03 08:00:00 UTC,2017383364,Shivanshu_Verma,82,520.2864,true
168,2021-09-03 08:00:00 UTC,2026286298,AusCanPlant,83,481.8687,true
168,2021-09-03 08:00:00 UTC,2000643820,Vondle,84,469.7761,false
168,2021-09-03 08:00:00 UTC,2022298822,MarleyNZ,85,468.7569,true
168,2021-09-03 08:00:00 UTC,2000557980,McBlamn,86,421.9034,true
168,2021-09-03 08:00:00 UTC,2002740285,puelhem,87,395.054,true
168,2021-09-03 08:00:00 UTC,2010421042,Vaya_Con_Dios,88,357.3253,true
169,2021-09-10 08:00:00 UTC,2000529778,Aunty_Jacinda,1,1313.2968,false
169,2021-09-10 08:00:00 UTC,2018331370,Thomark,2,1231.9083,true
169,2021-09-10 08:00:00 UTC,2002485304,Toddy339,3,1209.3417,true
169,2021-09-10 08:00:00 UTC,2004608779,9_9_destroyer,4,1206.9761,true
169,2021-09-10 08:00:00 UTC,2002640736,stewiejp,5,1205.1487,true
169,2021-09-10 08:00:00 UTC,2001884089,RainbowAssassin,6,1200.0122,false
169,2021-09-10 08:00:00 UTC,2018338956,RowendyTheTwoTime,7,1183.882,true
169,2021-09-10 08:00:00 UTC,2001438825,cjhunt2001,8,1178.3486,false
169,2021-09-10 08:00:00 UTC,2008666381,sammie_2015,9,1168.0319,true
169,2021-09-10 08:00:00 UTC,3000620883,Prophet_Mauser,10,1128.3378,true
169,2021-09-10 08:00:00 UTC,2030993170,Str8JaktJim_,11,1125.7355,true
169,2021-09-10 08:00:00 UTC,2000240907,Fadey,12,1121.6763,true
169,2021-09-10 08:00:00 UTC,2027194451,haha_yes,13,1116.4625,true
169,2021-09-10 08:00:00 UTC,2031489029,Player_2455005026,14,1109.2772,true
169,2021-09-10 08:00:00 UTC,2025201130,jo_hova,15,1105.7074,true
169,2021-09-10 08:00:00 UTC,2007764393,gloster173,16,1100.532,true
169,2021-09-10 08:00:00 UTC,2000557049,Napalmer,17,1100.0463,false
169,2021-09-10 08:00:00 UTC,2003535036,Saffe,18,1093.4787,false
169,2021-09-10 08:00:00 UTC,2018332624,SaxonOrrick,19,1089.473,false
169,2021-09-10 08:00:00 UTC,2018159991,JayRated,20,1078.7876,false
169,2021-09-10 08:00:00 UTC,2020297444,rupro_,21,1075.456,true
169,2021-09-10 08:00:00 UTC,2003016904,ScoMo_at_Engadine_Maccas,22,1074.285,false
169,2021-09-10 08:00:00 UTC,2012105834,DrkAvngr,23,1060.3753,true
169,2021-09-10 08:00:00 UTC,2034894561,k1ngk1ler,24,1059.8636,true
169,2021-09-10 08:00:00 UTC,2018328304,Chipmunk0007,25,1058.5928,true
169,2021-09-10 08:00:00 UTC,2018328096,Dark_ANZPL4,26,1058.3371,false
169,2021-09-10 08:00:00 UTC,2023799441,A_Raspberry_Flavoured_,27,1057.1896,false
169,2021-09-10 08:00:00 UTC,2016989252,Pp_Power,28,1053.637,true
169,2021-09-10 08:00:00 UTC,2010421042,Vaya_Con_Dios,29,1046.3769,true
169,2021-09-10 08:00:00 UTC,2000533261,Centurion_MK64,30,1040.5163,true
169,2021-09-10 08:00:00 UTC,2000531395,Rovert34,31,1034.7163,true
169,2021-09-10 08:00:00 UTC,2026777554,Mattacus__,32,1026.8311,false
169,2021-09-10 08:00:00 UTC,2001428029,Tickle_Monster,33,1026.0091,true
169,2021-09-10 08:00:00 UTC,2016842462,isaak34,34,1026.0071,true
169,2021-09-10 08:00:00 UTC,2002046057,_0reos_,35,1025.333,true
169,2021-09-10 08:00:00 UTC,2004163244,Knobzy,36,1018.1616,true
169,2021-09-10 08:00:00 UTC,2003272109,CowabungaRavvi,37,1011.2574,false
169,2021-09-10 08:00:00 UTC,2003632377,DarthCavalier,38,1006.7819,true
169,2021-09-10 08:00:00 UTC,2001659726,CandleSaul,39,997.6688,true
169,2021-09-10 08:00:00 UTC,2001578320,Cyn_nev3r_Fondle_Jay,40,997.1165,true
169,2021-09-10 08:00:00 UTC,2005965818,XpiQ,41,994.7873,false
169,2021-09-10 08:00:00 UTC,2003594403,Ballisticx,42,994.4696,true
169,2021-09-10 08:00:00 UTC,2014554965,nev3r,43,985.3497,false
169,2021-09-10 08:00:00 UTC,2014912231,NattyWW,44,982.4628,true
169,2021-09-10 08:00:00 UTC,2002701984,Zeeray,45,976.041,true
169,2021-09-10 08:00:00 UTC,2002050020,LightningMan,46,973.6195,false
169,2021-09-10 08:00:00 UTC,2005775629,Ziggy_Bravo_27,47,966.4257,true
169,2021-09-10 08:00:00 UTC,2010845029,Tiger_Snake_101,48,961.8551,true
169,2021-09-10 08:00:00 UTC,2017703841,KaRathCS,49,960.7156,false
169,2021-09-10 08:00:00 UTC,2000565777,Captain_Cows,50,958.1813,false
169,2021-09-10 08:00:00 UTC,2003348735,Hotrodcoupe12,51,941.4084,true
169,2021-09-10 08:00:00 UTC,2005573310,JS_,52,934.9059,false
169,2021-09-10 08:00:00 UTC,2029575983,Dunder21,53,926.4561,true
169,2021-09-10 08:00:00 UTC,2012905535,Beast_Tanker444,54,923.394,true
169,2021-09-10 08:00:00 UTC,2018324319,Benny_The_Bot,55,917.978,false
169,2021-09-10 08:00:00 UTC,2003083380,RapunzeI,56,912.487,true
169,2021-09-10 08:00:00 UTC,2005019653,Travman,57,903.0012,true
169,2021-09-10 08:00:00 UTC,2014795220,_Howto,58,902.0191,true
169,2021-09-10 08:00:00 UTC,2003454375,na0,59,887.1421,true
169,2021-09-10 08:00:00 UTC,2001360923,kies0999,60,876.971,true
169,2021-09-10 08:00:00 UTC,2001479740,Nigel_NoFriends,61,874.449,true
169,2021-09-10 08:00:00 UTC,2032315315,Jaws,62,873.38,false
169,2021-09-10 08:00:00 UTC,1001255155,chase_no_cinco,62,873.38,false
169,2021-09-10 08:00:00 UTC,2003085633,13bladez,64,871.4479,false
169,2021-09-10 08:00:00 UTC,2005201046,Vilitch,65,870.2975,true
169,2021-09-10 08:00:00 UTC,2000582299,malpaso,66,869.7999,true
169,2021-09-10 08:00:00 UTC,2017383364,Shivanshu_Verma,67,845.6257,true
169,2021-09-10 08:00:00 UTC,2018717708,__Bluey__,68,834.7598,false
169,2021-09-10 08:00:00 UTC,2013512572,CynicalSilicon,69,824.6774,false
169,2021-09-10 08:00:00 UTC,2003647964,SandManAU,70,821.1649,false
169,2021-09-10 08:00:00 UTC,2000643820,Vondle,71,818.0088,false
169,2021-09-10 08:00:00 UTC,2002740285,puelhem,72,807.8057,true
169,2021-09-10 08:00:00 UTC,2000452409,SeeGaul98,73,806.4523,true
169,2021-09-10 08:00:00 UTC,2018850876,SpectraX,73,806.4523,true
169,2021-09-10 08:00:00 UTC,2014872384,El_Comandante,75,806.1273,true
169,2021-09-10 08:00:00 UTC,2026286298,AusCanPlant,76,804.1177,true
169,2021-09-10 08:00:00 UTC,2006069245,WotsNV,77,798.4727,true
169,2021-09-10 08:00:00 UTC,2003599228,TheBeyonder,78,798.3181,true
169,2021-09-10 08:00:00 UTC,2003906969,ikj007,79,791.4764,true
169,2021-09-10 08:00:00 UTC,2018404239,Kiwi_Dynamite,80,781.4033,true
169,2021-09-10 08:00:00 UTC,2000670266,LeChippy,81,774.6598,true
169,2021-09-10 08:00:00 UTC,2022298822,MarleyNZ,82,770.2313,true
169,2021-09-10 08:00:00 UTC,2016609157,quirkyturtle86,83,762.8054,true
169,2021-09-10 08:00:00 UTC,2000557980,McBlamn,84,751.0436,true
169,2021-09-10 08:00:00 UTC,2025950308,ThitHeo_TomChua,85,750.1931,true
169,2021-09-10 08:00:00 UTC,2031998941,NawaguH,85,750.1931,true
169,2021-09-10 08:00:00 UTC,2013338869,Trina_Made_It,85,750.1931,true
169,2021-09-10 08:00:00 UTC,2000000419,_SIayer,88,714.9551,false
169,2021-09-10 08:00:00 UTC,2004085542,Elfishguy11,89,706.2583,false
169,2021-09-10 08:00:00 UTC,2011225706,Bradley_Ando_Anderson,90,671.662,true
169,2021-09-10 08:00:00 UTC,2018658600,Twit_,91,629.1949,false
169,2021-09-10 08:00:00 UTC,2019488005,Abu_Ghifaari,92,621.1958,true
170,2021-09-17 08:00:00 UTC,2001578320,Cyn_nev3r_Fondle_Jay,1,1179.2018,true
170,2021-09-17 08:00:00 UTC,2005019653,Travman,2,1140.3457,true
170,2021-09-17 08:00:00 UTC,2020297444,rupro_,3,1082.0553,true
170,2021-09-17 08:00:00 UTC,2026777554,Mattacus__,4,1077.8817,false
170,2021-09-17 08:00:00 UTC,2003906969,ikj007,5,1067.8456,true
170,2021-09-17 08:00:00 UTC,2023799441,A_Raspberry_Flavoured_,6,1058.3791,false
170,2021-09-17 08:00:00 UTC,2018328304,Chipmunk0007,7,1037.8716,true
170,2021-09-17 08:00:00 UTC,2000670266,LeChippy,8,1032.3451,true
170,2021-09-17 08:00:00 UTC,2005775629,Ziggy_Bravo_27,9,1025.2778,true
170,2021-09-17 08:00:00 UTC,2000582299,malpaso,10,1021.1329,true
170,2021-09-17 08:00:00 UTC,2001659726,CandleSaul,11,1020.1394,true
170,2021-09-17 08:00:00 UTC,2012105834,DrkAvngr,12,998.6646,true
170,2021-09-17 08:00:00 UTC,2002485304,Toddy339,13,984.6389,true
170,2021-09-17 08:00:00 UTC,3000620883,Prophet_Mauser,13,984.6389,true
170,2021-09-17 08:00:00 UTC,2008789217,Willdabeast1,13,984.6389,true
170,2021-09-17 08:00:00 UTC,2002740285,puelhem,16,980.5037,true
170,2021-09-17 08:00:00 UTC,2003083380,RapunzeI,17,979.4262,true
170,2021-09-17 08:00:00 UTC,2014872384,El_Comandante,18,978.4143,true
170,2021-09-17 08:00:00 UTC,2025201130,jo_hova,19,963.1967,true
170,2021-09-17 08:00:00 UTC,2005573310,JS_,20,960.9707,false
170,2021-09-17 08:00:00 UTC,2018717708,__Bluey__,21,960.9665,false
170,2021-09-17 08:00:00 UTC,2007764393,gloster173,21,960.9665,true
170,2021-09-17 08:00:00 UTC,2031489029,Player_2455005026,23,937.091,true
170,2021-09-17 08:00:00 UTC,2001438825,cjhunt2001,24,932.4197,false
170,2021-09-17 08:00:00 UTC,2001428029,Tickle_Monster,25,931.1802,true
170,2021-09-17 08:00:00 UTC,2005965818,XpiQ,26,929.5424,false
170,2021-09-17 08:00:00 UTC,2014912231,NattyWW,27,927.9212,true
170,2021-09-17 08:00:00 UTC,2014795220,_Howto,28,924.4455,true
170,2021-09-17 08:00:00 UTC,2032315315,Jaws,28,924.4455,false
170,2021-09-17 08:00:00 UTC,2004085542,Elfishguy11,30,922.6139,false
170,2021-09-17 08:00:00 UTC,2018328096,Dark_ANZPL4,31,918.5391,false
170,2021-09-17 08:00:00 UTC,2003085633,13bladez,32,918.2591,false
170,2021-09-17 08:00:00 UTC,2002701984,Zeeray,33,914.4014,true
170,2021-09-17 08:00:00 UTC,2000240907,Fadey,34,903.4253,true
170,2021-09-17 08:00:00 UTC,2000643820,Vondle,35,874.2971,false
170,2021-09-17 08:00:00 UTC,2002640736,stewiejp,36,871.0496,true
170,2021-09-17 08:00:00 UTC,2000452409,SeeGaul98,37,866.3167,true
170,2021-09-17 08:00:00 UTC,2003348735,Hotrodcoupe12,38,861.2394,true
170,2021-09-17 08:00:00 UTC,2014554965,nev3r,39,859.7397,false
170,2021-09-17 08:00:00 UTC,2003535036,Saffe,40,858.4124,false
170,2021-09-17 08:00:00 UTC,2000529778,Aunty_Jacinda,40,858.4124,false
170,2021-09-17 08:00:00 UTC,2003454375,na0,42,857.2029,true
170,2021-09-17 08:00:00 UTC,2000557980,McBlamn,43,856.4487,true
170,2021-09-17 08:00:00 UTC,2018331370,Thomark,44,852.8924,true
170,2021-09-17 08:00:00 UTC,2029575983,Dunder21,45,849.1549,true
170,2021-09-17 08:00:00 UTC,2004163244,Knobzy,46,847.8821,true
170,2021-09-17 08:00:00 UTC,2001479740,Nigel_NoFriends,47,833.9033,true
170,2021-09-17 08:00:00 UTC,2034894561,k1ngk1ler,48,833.7202,true
170,2021-09-17 08:00:00 UTC,2013338869,Trina_Made_It,49,829.605,true
170,2021-09-17 08:00:00 UTC,2008666381,sammie_2015,50,820.0175,true
170,2021-09-17 08:00:00 UTC,2000000419,_SIayer,51,818.2941,false
170,2021-09-17 08:00:00 UTC,2005201046,Vilitch,52,812.4733,true
170,2021-09-17 08:00:00 UTC,2003599228,TheBeyonder,53,809.2437,true
170,2021-09-17 08:00:00 UTC,2018850876,SpectraX,54,809.107,true
170,2021-09-17 08:00:00 UTC,2002050020,LightningMan,55,808.5489,false
170,2021-09-17 08:00:00 UTC,2026286298,AusCanPlant,56,806.6135,true
170,2021-09-17 08:00:00 UTC,2018159991,JayRated,57,804.6886,false
170,2021-09-17 08:00:00 UTC,2010421042,Vaya_Con_Dios,58,804.4725,true
170,2021-09-17 08:00:00 UTC,2018332624,SaxonOrrick,59,804.0217,false
170,2021-09-17 08:00:00 UTC,2010845029,Tiger_Snake_101,60,800.6189,true
170,2021-09-17 08:00:00 UTC,2001884089,RainbowAssassin,61,798.8771,false
170,2021-09-17 08:00:00 UTC,2003272109,CowabungaRavvi,62,794.8544,false
170,2021-09-17 08:00:00 UTC,2000557049,Napalmer,63,779.8938,false
170,2021-09-17 08:00:00 UTC,2001360923,kies0999,64,779.1282,true
170,2021-09-17 08:00:00 UTC,2003647964,SandManAU,65,774.5149,false
170,2021-09-17 08:00:00 UTC,2016842462,isaak34,66,772.7497,true
170,2021-09-17 08:00:00 UTC,2025950308,ThitHeo_TomChua,67,769.6338,true
170,2021-09-17 08:00:00 UTC,2031998941,NawaguH,67,769.6338,true
170,2021-09-17 08:00:00 UTC,2016989252,Pp_Power,69,766.0719,true
170,2021-09-17 08:00:00 UTC,2018338956,RowendyTheTwoTime,70,754.8632,true
170,2021-09-17 08:00:00 UTC,2000565777,Captain_Cows,71,748.4548,false
170,2021-09-17 08:00:00 UTC,2018324319,Benny_The_Bot,72,743.4301,false
170,2021-09-17 08:00:00 UTC,2016609157,quirkyturtle86,73,729.7625,true
170,2021-09-17 08:00:00 UTC,2017703841,KaRathCS,74,720.5224,false
170,2021-09-17 08:00:00 UTC,2018404239,Kiwi_Dynamite,75,717.0255,true
170,2021-09-17 08:00:00 UTC,2030993170,Str8JaktJim_,76,716.5151,true
170,2021-09-17 08:00:00 UTC,2022298822,MarleyNZ,77,712.7769,true
170,2021-09-17 08:00:00 UTC,2000533261,Centurion_MK64,78,706.9875,true
170,2021-09-17 08:00:00 UTC,2006069245,WotsNV,79,703.312,true
170,2021-09-17 08:00:00 UTC,2000531395,Rovert34,80,701.2376,true
170,2021-09-17 08:00:00 UTC,2019488005,Abu_Ghifaari,81,699.3578,true
170,2021-09-17 08:00:00 UTC,2002046057,_0reos_,82,691.2451,true
170,2021-09-17 08:00:00 UTC,2003016904,ScoMo_at_Engadine_Maccas,83,687.0089,false
170,2021-09-17 08:00:00 UTC,2027194451,haha_yes,84,683.6617,true
170,2021-09-17 08:00:00 UTC,2012905535,Beast_Tanker444,85,674.9063,true
170,2021-09-17 08:00:00 UTC,2011225706,Bradley_Ando_Anderson,86,665.718,true
170,2021-09-17 08:00:00 UTC,2003594403,Ballisticx,87,658.4466,true
170,2021-09-17 08:00:00 UTC,1001255155,chase_no_cinco,88,650.2117,false
170,2021-09-17 08:00:00 UTC,2003632377,DarthCavalier,89,618.6091,true
170,2021-09-17 08:00:00 UTC,2017383364,Shivanshu_Verma,90,587.485,true
170,2021-09-17 08:00:00 UTC,2013512572,CynicalSilicon,91,561.4904,false
170,2021-09-17 08:00:00 UTC,2004608779,9_9_destroyer,92,500.6278,true
170,2021-09-17 08:00:00 UTC,2018658600,Twit_,93,427.9507,false
171,2021-09-24 08:00:00 UTC,2018404239,Kiwi_Dynamite,1,1059.7974,true
171,2021-09-24 08:00:00 UTC,2018717708,__Bluey__,2,1003.8142,false
171,2021-09-24 08:00:00 UTC,2023799441,A_Raspberry_Flavoured_,3,1003.2914,false
171,2021-09-24 08:00:00 UTC,2002050020,LightningMan,4,990.0999,false
171,2021-09-24 08:00:00 UTC,2018328304,Chipmunk0007,5,962.9912,true
171,2021-09-24 08:00:00 UTC,2003906969,ikj007,6,953.9343,true
171,2021-09-24 08:00:00 UTC,2008789217,Willdabeast1,7,953.7102,true
171,2021-09-24 08:00:00 UTC,2000240907,Fadey,8,946.8735,true
171,2021-09-24 08:00:00 UTC,1030957085,PavedByDave,9,943.1193,false
171,2021-09-24 08:00:00 UTC,2000643820,Vondle,10,941.2617,false
171,2021-09-24 08:00:00 UTC,2000557049,Napalmer,11,936.7864,false
171,2021-09-24 08:00:00 UTC,2029575983,Dunder21,12,934.9956,true
171,2021-09-24 08:00:00 UTC,2003594403,Ballisticx,13,925.4061,true
171,2021-09-24 08:00:00 UTC,2000452409,SeeGaul98,14,922.7762,true
171,2021-09-24 08:00:00 UTC,2002485304,Toddy339,15,922.3403,true
171,2021-09-24 08:00:00 UTC,2020297444,rupro_,16,912.3484,true
171,2021-09-24 08:00:00 UTC,1002278436,_Tigr,17,909.048,false
171,2021-09-24 08:00:00 UTC,1036771081,_Tigr_ButNoChief,17,909.048,false
171,2021-09-24 08:00:00 UTC,1042431380,Zilzol,17,909.048,false
171,2021-09-24 08:00:00 UTC,2012905535,Beast_Tanker444,20,905.5489,true
171,2021-09-24 08:00:00 UTC,2016842462,isaak34,21,900.5534,true
171,2021-09-24 08:00:00 UTC,2014872384,El_Comandante,22,899.4403,true
171,2021-09-24 08:00:00 UTC,2014795220,_Howto,23,898.5236,true
171,2021-09-24 08:00:00 UTC,2007764393,gloster173,24,898.3865,true
171,2021-09-24 08:00:00 UTC,2005775629,Ziggy_Bravo_27,25,884.9995,true
171,2021-09-24 08:00:00 UTC,1006327846,Bombaybacon,26,883.5778,false
171,2021-09-24 08:00:00 UTC,2008666381,sammie_2015,27,882.1136,true
171,2021-09-24 08:00:00 UTC,2001578320,Cyn_nev3r_Fondle_Jay,28,879.6826,true
171,2021-09-24 08:00:00 UTC,2018159991,JayRated,29,878.0996,false
171,2021-09-24 08:00:00 UTC,2004085542,Elfishguy11,30,877.3862,false
171,2021-09-24 08:00:00 UTC,2005965818,XpiQ,31,875.2229,false
171,2021-09-24 08:00:00 UTC,2001659726,CandleSaul,32,865.2469,true
171,2021-09-24 08:00:00 UTC,2005573310,JS_,33,865.1992,false
171,2021-09-24 08:00:00 UTC,1001255155,chase_no_cinco,34,853.0648,false
171,2021-09-24 08:00:00 UTC,2003085633,13bladez,34,853.0648,false
171,2021-09-24 08:00:00 UTC,2003647964,SandManAU,36,850.2831,false
171,2021-09-24 08:00:00 UTC,2018328096,Dark_ANZPL4,37,849.8528,false
171,2021-09-24 08:00:00 UTC,2018850876,SpectraX,38,842.1592,true
171,2021-09-24 08:00:00 UTC,2026777554,Mattacus__,39,842.15,false
171,2021-09-24 08:00:00 UTC,2026286298,AusCanPlant,40,840.8415,true
171,2021-09-24 08:00:00 UTC,2031489029,Player_2455005026,41,836.6808,true
171,2021-09-24 08:00:00 UTC,2014554965,nev3r,42,834.8203,false
171,2021-09-24 08:00:00 UTC,2032315315,Jaws,42,834.8203,false
171,2021-09-24 08:00:00 UTC,2003348735,Hotrodcoupe12,44,830.9558,true
171,2021-09-24 08:00:00 UTC,2001360923,kies0999,45,830.5172,true
171,2021-09-24 08:00:00 UTC,2002740285,puelhem,46,818.4087,true
171,2021-09-24 08:00:00 UTC,2034894561,k1ngk1ler,47,818.1673,true
171,2021-09-24 08:00:00 UTC,2003632377,DarthCavalier,48,813.2889,true
171,2021-09-24 08:00:00 UTC,2017703841,KaRathCS,49,812.7821,false
171,2021-09-24 08:00:00 UTC,2018324319,Benny_The_Bot,50,811.0683,false
171,2021-09-24 08:00:00 UTC,2003599228,TheBeyonder,51,803.6926,true
171,2021-09-24 08:00:00 UTC,3000620883,Prophet_Mauser,52,802.9608,true
171,2021-09-24 08:00:00 UTC,2002640736,stewiejp,53,801.2875,true
171,2021-09-24 08:00:00 UTC,2004608779,9_9_destroyer,54,797.1275,true
171,2021-09-24 08:00:00 UTC,2030993170,Str8JaktJim_,55,793.1697,true
171,2021-09-24 08:00:00 UTC,1006250724,NyxWGA,56,786.1417,false
171,2021-09-24 08:00:00 UTC,2010845029,Tiger_Snake_101,57,785.6599,true
171,2021-09-24 08:00:00 UTC,2000670266,LeChippy,58,779.3853,true
171,2021-09-24 08:00:00 UTC,2014912231,NattyWW,59,772.6907,true
171,2021-09-24 08:00:00 UTC,2003083380,RapunzeI,60,766.0758,true
171,2021-09-24 08:00:00 UTC,2000533261,Centurion_MK64,61,762.7125,true
171,2021-09-24 08:00:00 UTC,2000582299,malpaso,62,761.5079,true
171,2021-09-24 08:00:00 UTC,2000565777,Captain_Cows,63,756.5353,false
171,2021-09-24 08:00:00 UTC,2005019653,Travman,64,752.2139,true
171,2021-09-24 08:00:00 UTC,2027194451,haha_yes,65,748.5175,true
171,2021-09-24 08:00:00 UTC,2001428029,Tickle_Monster,66,747.7235,true
171,2021-09-24 08:00:00 UTC,2001479740,Nigel_NoFriends,67,747.1094,true
171,2021-09-24 08:00:00 UTC,1010887368,Akashah,68,738.0831,false
171,2021-09-24 08:00:00 UTC,2016989252,Pp_Power,69,733.9304,true
171,2021-09-24 08:00:00 UTC,2018338956,RowendyTheTwoTime,70,732.9097,true
171,2021-09-24 08:00:00 UTC,2012105834,DrkAvngr,71,726.8969,true
171,2021-09-24 08:00:00 UTC,2013512572,CynicalSilicon,72,723.4021,false
171,2021-09-24 08:00:00 UTC,2025201130,jo_hova,73,720.3861,true
171,2021-09-24 08:00:00 UTC,2003272109,CowabungaRavvi,74,717.1203,false
171,2021-09-24 08:00:00 UTC,2018331370,Thomark,75,714.8583,true
171,2021-09-24 08:00:00 UTC,2000531395,Rovert34,76,707.5566,true
171,2021-09-24 08:00:00 UTC,2010421042,Vaya_Con_Dios,77,706.4264,true
171,2021-09-24 08:00:00 UTC,1029895586,Ronny28110,78,705.3734,false
171,2021-09-24 08:00:00 UTC,2003454375,na0,79,696.3934,true
171,2021-09-24 08:00:00 UTC,1003997196,xtc4,80,689.9057,false
171,2021-09-24 08:00:00 UTC,1002202714,Going_Ham,80,689.9057,false
171,2021-09-24 08:00:00 UTC,2011225706,Bradley_Ando_Anderson,82,687.2429,true
171,2021-09-24 08:00:00 UTC,1008942178,_Corinator_,83,686.6269,false
171,2021-09-24 08:00:00 UTC,2006069245,WotsNV,84,681.8811,true
171,2021-09-24 08:00:00 UTC,2000529778,Aunty_Jacinda,85,674.1068,false
171,2021-09-24 08:00:00 UTC,2003535036,Saffe,85,674.1068,false
171,2021-09-24 08:00:00 UTC,2000000419,_SIayer,87,673.3089,false
171,2021-09-24 08:00:00 UTC,2004163244,Knobzy,88,673.2358,true
171,2021-09-24 08:00:00 UTC,2000557980,McBlamn,89,670.1706,true
171,2021-09-24 08:00:00 UTC,2002701984,Zeeray,90,656.5879,true
171,2021-09-24 08:00:00 UTC,2018332624,SaxonOrrick,91,637.8181,false
171,2021-09-24 08:00:00 UTC,2001884089,RainbowAssassin,92,618.7206,false
171,2021-09-24 08:00:00 UTC,2013338869,Trina_Made_It,93,611.0553,true
171,2021-09-24 08:00:00 UTC,2018658600,Twit_,94,605.0513,false
171,2021-09-24 08:00:00 UTC,573501530,Hungry_Etiopian,95,585.5461,false
171,2021-09-24 08:00:00 UTC,2001438825,cjhunt2001,96,582.8651,false
171,2021-09-24 08:00:00 UTC,2005201046,Vilitch,97,557.2268,true
171,2021-09-24 08:00:00 UTC,2031998941,NawaguH,98,552.2184,true
171,2021-09-24 08:00:00 UTC,2025950308,ThitHeo_TomChua,98,552.2184,true
171,2021-09-24 08:00:00 UTC,1020985078,warhead_iron,100,526.6242,false
171,2021-09-24 08:00:00 UTC,2002046057,_0reos_,101,514.7654,true
171,2021-09-24 08:00:00 UTC,2019488005,Abu_Ghifaari,102,508.5916,true
171,2021-09-24 08:00:00 UTC,2016609157,quirkyturtle86,103,507.455,true
171,2021-09-24 08:00:00 UTC,2003016904,ScoMo_at_Engadine_Maccas,104,502.8041,false
171,2021-09-24 08:00:00 UTC,2022298822,MarleyNZ,105,423.6617,true
171,2021-09-24 08:00:00 UTC,1015223132,KRZYBooP,106,340.1536,false
171,2021-09-24 08:00:00 UTC,2007261112,ChienTruomg,107,335.5314,true
171,2021-09-24 08:00:00 UTC,2017383364,Shivanshu_Verma,108,309.7252,true
171,2021-09-24 08:00:00 UTC,1004898677,AmigoDeEscuela,109,170.7438,false
172,2021-10-01 08:00:00 UTC,2030993170,Str8JaktJim_,1,1250.6939,true
172,2021-10-01 08:00:00 UTC,2018324319,Benny_The_Bot,2,1197.6998,false
172,2021-10-01 08:00:00 UTC,2005573310,JS_,3,1196.2938,false
172,2021-10-01 08:00:00 UTC,2003647964,SandManAU,4,1195.7355,false
172,2021-10-01 08:00:00 UTC,2012905535,Beast_Tanker444,5,1194.6583,true
172,2021-10-01 08:00:00 UTC,2014554965,nev3r,6,1170.305,false
172,2021-10-01 08:00:00 UTC,2018404239,Kiwi_Dynamite,7,1148.8194,true
172,2021-10-01 08:00:00 UTC,2016842462,isaak34,8,1145.8222,true
172,2021-10-01 08:00:00 UTC,1001255155,chase_no_cinco,9,1144.7238,false
172,2021-10-01 08:00:00 UTC,2000670266,LeChippy,9,1144.7238,true
172,2021-10-01 08:00:00 UTC,2018850876,SpectraX,11,1139.8277,true
172,2021-10-01 08:00:00 UTC,2018331370,Thomark,12,1127.7283,true
172,2021-10-01 08:00:00 UTC,2023799441,A_Raspberry_Flavoured_,13,1107.6582,false
172,2021-10-01 08:00:00 UTC,2018159991,JayRated,14,1105.8021,false
172,2021-10-01 08:00:00 UTC,2002640736,stewiejp,15,1097.3917,true
172,2021-10-01 08:00:00 UTC,2014795220,_Howto,16,1090.3816,true
172,2021-10-01 08:00:00 UTC,2034894561,k1ngk1ler,17,1084.9875,true
172,2021-10-01 08:00:00 UTC,2003016904,ScoMo_at_Engadine_Maccas,17,1084.9875,false
172,2021-10-01 08:00:00 UTC,2018328096,Dark_ANZPL4,19,1072.0758,false
172,2021-10-01 08:00:00 UTC,2031489029,Player_2455005026,20,1064.0922,true
172,2021-10-01 08:00:00 UTC,2003906969,ikj007,20,1064.0922,true
172,2021-10-01 08:00:00 UTC,2003085633,13bladez,22,1027.6255,false
172,2021-10-01 08:00:00 UTC,2032315315,Jaws,23,1023.7281,false
172,2021-10-01 08:00:00 UTC,2002485304,Toddy339,24,1019.9211,true
172,2021-10-01 08:00:00 UTC,2020297444,rupro_,25,1008.6366,true
172,2021-10-01 08:00:00 UTC,2001428029,Tickle_Monster,26,1007.6474,true
172,2021-10-01 08:00:00 UTC,2000557049,Napalmer,27,999.4611,false
172,2021-10-01 08:00:00 UTC,2016989252,Pp_Power,28,975.5152,true
172,2021-10-01 08:00:00 UTC,2013512572,CynicalSilicon,29,974.8279,false
172,2021-10-01 08:00:00 UTC,2000565777,Captain_Cows,30,962.1863,false
172,2021-10-01 08:00:00 UTC,2000582299,malpaso,31,958.2751,true
172,2021-10-01 08:00:00 UTC,2007764393,gloster173,32,953.309,true
172,2021-10-01 08:00:00 UTC,2003594403,Ballisticx,33,901.2582,true
172,2021-10-01 08:00:00 UTC,2001438825,cjhunt2001,34,898.9942,false
172,2021-10-01 08:00:00 UTC,2027194451,haha_yes,35,886.356,true
172,2021-10-01 08:00:00 UTC,2005965818,XpiQ,36,878.5446,false
172,2021-10-01 08:00:00 UTC,1006250724,NyxWGA,37,829.8687,false
172,2021-10-01 08:00:00 UTC,2019488005,Abu_Ghifaari,38,822.4453,true
172,2021-10-01 08:00:00 UTC,2003348735,Hotrodcoupe12,39,822.2718,true
172,2021-10-01 08:00:00 UTC,2000240907,Fadey,40,810.1392,true
172,2021-10-01 08:00:00 UTC,2005019653,Travman,41,809.2061,true
172,2021-10-01 08:00:00 UTC,2010845029,Tiger_Snake_101,42,804.4062,true
172,2021-10-01 08:00:00 UTC,1002278436,_Tigr,43,799.0751,false
172,2021-10-01 08:00:00 UTC,1036771081,_Tigr_ButNoChief,43,799.0751,false
172,2021-10-01 08:00:00 UTC,2008789217,Willdabeast1,45,794.1261,true
172,2021-10-01 08:00:00 UTC,2026286298,AusCanPlant,46,791.4048,true
172,2021-10-01 08:00:00 UTC,2018717708,__Bluey__,47,777.8845,false
172,2021-10-01 08:00:00 UTC,2000529778,Aunty_Jacinda,48,773.9295,false
172,2021-10-01 08:00:00 UTC,2014912231,NattyWW,49,772.2065,true
172,2021-10-01 08:00:00 UTC,2012105834,DrkAvngr,50,770.2388,true
172,2021-10-01 08:00:00 UTC,2000643820,Vondle,51,768.9322,false
172,2021-10-01 08:00:00 UTC,2001884089,RainbowAssassin,52,766.3988,false
172,2021-10-01 08:00:00 UTC,2000452409,SeeGaul98,53,764.7481,true
172,2021-10-01 08:00:00 UTC,2004085542,Elfishguy11,54,755.9649,false
172,2021-10-01 08:00:00 UTC,2002740285,puelhem,55,747.0644,true
172,2021-10-01 08:00:00 UTC,2016609157,quirkyturtle86,56,743.4919,true
172,2021-10-01 08:00:00 UTC,2025201130,jo_hova,57,743.2448,true
172,2021-10-01 08:00:00 UTC,2004163244,Knobzy,58,741.9015,true
172,2021-10-01 08:00:00 UTC,2017383364,Shivanshu_Verma,59,737.1476,true
172,2021-10-01 08:00:00 UTC,2000531395,Rovert34,60,732.019,true
172,2021-10-01 08:00:00 UTC,2018338956,RowendyTheTwoTime,61,721.9529,true
172,2021-10-01 08:00:00 UTC,2003535036,Saffe,62,718.9824,false
172,2021-10-01 08:00:00 UTC,1006327846,Bombaybacon,63,712.9234,false
172,2021-10-01 08:00:00 UTC,1008942178,_Corinator_,64,705.1446,false
172,2021-10-01 08:00:00 UTC,2006069245,WotsNV,65,700.8181,true
172,2021-10-01 08:00:00 UTC,1026253618,JellyFishBob_,66,696.3888,false
172,2021-10-01 08:00:00 UTC,2003599228,TheBeyonder,67,690.9917,true
172,2021-10-01 08:00:00 UTC,2010421042,Vaya_Con_Dios,68,679.7029,true
172,2021-10-01 08:00:00 UTC,1030957085,PavedByDave,69,674.0604,false
172,2021-10-01 08:00:00 UTC,2000533261,Centurion_MK64,70,670.7004,true
172,2021-10-01 08:00:00 UTC,2002701984,Zeeray,71,669.0721,true
172,2021-10-01 08:00:00 UTC,2011225706,Bradley_Ando_Anderson,72,661.2361,true
172,2021-10-01 08:00:00 UTC,2005775629,Ziggy_Bravo_27,73,651.5028,true
172,2021-10-01 08:00:00 UTC,2001578320,Cyn_nev3r_Fondle_Jay,74,648.5684,true
172,2021-10-01 08:00:00 UTC,2002046057,_0reos_,75,647.7015,true
172,2021-10-01 08:00:00 UTC,2005201046,Vilitch,76,646.2625,true
172,2021-10-01 08:00:00 UTC,2003632377,DarthCavalier,77,642.9891,true
172,2021-10-01 08:00:00 UTC,2002050020,LightningMan,78,638.2712,false
172,2021-10-01 08:00:00 UTC,2022298822,MarleyNZ,79,620.3284,true
172,2021-10-01 08:00:00 UTC,2031998941,NawaguH,80,619.3246,true
172,2021-10-01 08:00:00 UTC,2025950308,ThitHeo_TomChua,80,619.3246,true
172,2021-10-01 08:00:00 UTC,2001659726,CandleSaul,82,610.5551,true
172,2021-10-01 08:00:00 UTC,2018332624,SaxonOrrick,83,608.6552,false
172,2021-10-01 08:00:00 UTC,1042431380,Zilzol,84,596.5613,false
172,2021-10-01 08:00:00 UTC,2008666381,sammie_2015,85,578.874,true
172,2021-10-01 08:00:00 UTC,2017703841,KaRathCS,86,572.8229,false
172,2021-10-01 08:00:00 UTC,3000620883,Prophet_Mauser,87,569.2863,true
172,2021-10-01 08:00:00 UTC,2013338869,Trina_Made_It,88,564.8959,true
172,2021-10-01 08:00:00 UTC,1003997196,xtc4,89,557.8006,false
172,2021-10-01 08:00:00 UTC,1002202714,Going_Ham,89,557.8006,false
172,2021-10-01 08:00:00 UTC,2003454375,na0,91,557.7727,true
172,2021-10-01 08:00:00 UTC,1010887368,Akashah,92,553.504,false
172,2021-10-01 08:00:00 UTC,2003083380,RapunzeI,93,552.7822,true
172,2021-10-01 08:00:00 UTC,2001479740,Nigel_NoFriends,94,547.2914,true
172,2021-10-01 08:00:00 UTC,1015223132,KRZYBooP,95,525.4634,false
172,2021-10-01 08:00:00 UTC,2000000419,_SIayer,96,520.7212,false
172,2021-10-01 08:00:00 UTC,2026777554,Mattacus__,97,517.4217,false
172,2021-10-01 08:00:00 UTC,2003272109,CowabungaRavvi,98,516.7351,false
172,2021-10-01 08:00:00 UTC,2018328304,Chipmunk0007,99,515.7779,true
172,2021-10-01 08:00:00 UTC,2001360923,kies0999,100,498.9768,true
172,2021-10-01 08:00:00 UTC,573501530,Hungry_Etiopian,101,465.6986,false
172,2021-10-01 08:00:00 UTC,2004608779,9_9_destroyer,102,461.2795,true
172,2021-10-01 08:00:00 UTC,1020985078,warhead_iron,103,448.9572,false
172,2021-10-01 08:00:00 UTC,2029575983,Dunder21,104,404.0169,true
172,2021-10-01 08:00:00 UTC,1029895586,Ronny28110,105,334.55,false
172,2021-10-01 08:00:00 UTC,2018658600,Twit_,106,329.4648,false
172,2021-10-01 08:00:00 UTC,2014872384,El_Comandante,107,263.3754,true
172,2021-10-01 08:00:00 UTC,2000557980,McBlamn,108,234.401,true
172,2021-10-01 08:00:00 UTC,1004898677,AmigoDeEscuela,109,197.0502,false
172,2021-10-01 08:00:00 UTC,2007261112,ChienTruomg,110,192.34,true
173,2021-10-15 08:00:00 UTC,2001438825,cjhunt2001,1,1169.5399,false
173,2021-10-15 08:00:00 UTC,1036771081,_Tigr_ButNoChief,2,1167.9056,false
173,2021-10-15 08:00:00 UTC,2005965818,XpiQ,3,1153.0983,false
173,2021-10-15 08:00:00 UTC,1002465274,heavymetal1967,4,1127.2991,false
173,2021-10-15 08:00:00 UTC,2018324319,Benny_The_Bot,5,1109.1846,false
173,2021-10-15 08:00:00 UTC,2001428029,Tickle_Monster,6,1108.7958,true
173,2021-10-15 08:00:00 UTC,2008666381,sammie_2015,7,1102.7883,true
173,2021-10-15 08:00:00 UTC,2006069245,WotsNV,8,1083.6288,true
173,2021-10-15 08:00:00 UTC,2000240907,Fadey,9,1048.4409,true
173,2021-10-15 08:00:00 UTC,2001578320,Cyn_nev3r_Fondle_Jay,10,1036.2251,true
173,2021-10-15 08:00:00 UTC,2016842462,isaak34,11,1035.2067,true
173,2021-10-15 08:00:00 UTC,2011225706,Bradley_Ando_Anderson,12,1034.8769,true
173,2021-10-15 08:00:00 UTC,1026253618,JellyFishBob_,13,1029.7419,false
173,2021-10-15 08:00:00 UTC,2016609157,quirkyturtle86,14,1017.5398,true
173,2021-10-15 08:00:00 UTC,2001659726,CandleSaul,15,1004.2196,true
173,2021-10-15 08:00:00 UTC,2025950308,ThitHeo_TomChua,16,991.2066,true
173,2021-10-15 08:00:00 UTC,2031998941,NawaguH,16,991.2066,true
173,2021-10-15 08:00:00 UTC,1002278436,_Tigr,18,981.2758,false
173,2021-10-15 08:00:00 UTC,2002485304,Toddy339,19,979.8714,true
173,2021-10-15 08:00:00 UTC,2014554965,nev3r,20,974.5763,false
173,2021-10-15 08:00:00 UTC,2018332624,SaxonOrrick,21,968.5621,false
173,2021-10-15 08:00:00 UTC,2000557049,Napalmer,22,961.4399,false
173,2021-10-15 08:00:00 UTC,2004085542,Elfishguy11,23,959.1984,false
173,2021-10-15 08:00:00 UTC,2027194451,haha_yes,24,956.6858,true
173,2021-10-15 08:00:00 UTC,2018338956,RowendyTheTwoTime,25,949.1783,true
173,2021-10-15 08:00:00 UTC,2001479740,Nigel_NoFriends,26,940.5928,true
173,2021-10-15 08:00:00 UTC,2003906969,ikj007,27,939.9624,true
173,2021-10-15 08:00:00 UTC,2005775629,Ziggy_Bravo_27,28,939.7618,true
173,2021-10-15 08:00:00 UTC,2010845029,Tiger_Snake_101,29,939.4534,true
173,2021-10-15 08:00:00 UTC,2010421042,Vaya_Con_Dios,30,937.2617,true
173,2021-10-15 08:00:00 UTC,2026286298,AusCanPlant,31,935.7078,true
173,2021-10-15 08:00:00 UTC,2007764393,gloster173,32,935.2935,true
173,2021-10-15 08:00:00 UTC,2012905535,Beast_Tanker444,33,935.0283,true
173,2021-10-15 08:00:00 UTC,2002740285,puelhem,34,933.6776,true
173,2021-10-15 08:00:00 UTC,2018404239,Kiwi_Dynamite,35,924.2168,true
173,2021-10-15 08:00:00 UTC,2005573310,JS_,36,919.171,false
173,2021-10-15 08:00:00 UTC,2023799441,A_Raspberry_Flavoured_,37,916.5136,false
173,2021-10-15 08:00:00 UTC,2018717708,__Bluey__,38,907.7353,false
173,2021-10-15 08:00:00 UTC,1030957085,PavedByDave,39,903.4245,false
173,2021-10-15 08:00:00 UTC,2016989252,Pp_Power,40,887.9582,true
173,2021-10-15 08:00:00 UTC,2019488005,Abu_Ghifaari,41,886.063,true
173,2021-10-15 08:00:00 UTC,2000452409,SeeGaul98,42,883.6353,true
173,2021-10-15 08:00:00 UTC,2012105834,DrkAvngr,43,876.5312,true
173,2021-10-15 08:00:00 UTC,2013338869,Trina_Made_It,44,875.3344,true
173,2021-10-15 08:00:00 UTC,1001255155,chase_no_cinco,45,872.6709,false
173,2021-10-15 08:00:00 UTC,2000565777,Captain_Cows,46,860.6792,false
173,2021-10-15 08:00:00 UTC,1010887368,Akashah,47,857.1698,false
173,2021-10-15 08:00:00 UTC,2003535036,Saffe,48,839.1675,false
173,2021-10-15 08:00:00 UTC,2034894561,k1ngk1ler,49,836.8145,true
173,2021-10-15 08:00:00 UTC,2003083380,RapunzeI,50,831.8057,true
173,2021-10-15 08:00:00 UTC,2004163244,Knobzy,51,831.4608,true
173,2021-10-15 08:00:00 UTC,2020297444,rupro_,52,830.3942,true
173,2021-10-15 08:00:00 UTC,2002046057,_0reos_,53,829.9501,true
173,2021-10-15 08:00:00 UTC,2018331370,Thomark,54,828.6547,true
173,2021-10-15 08:00:00 UTC,2004608779,9_9_destroyer,55,827.5202,true
173,2021-10-15 08:00:00 UTC,2018159991,JayRated,56,819.8764,false
173,2021-10-15 08:00:00 UTC,2003632377,DarthCavalier,57,816.5121,true
173,2021-10-15 08:00:00 UTC,2005201046,Vilitch,58,807.1757,true
173,2021-10-15 08:00:00 UTC,2032315315,Jaws,59,796.946,false
173,2021-10-15 08:00:00 UTC,2017703841,KaRathCS,60,795.8055,false
173,2021-10-15 08:00:00 UTC,2003085633,13bladez,61,790.6161,false
173,2021-10-15 08:00:00 UTC,2000529778,Aunty_Jacinda,62,786.5293,false
173,2021-10-15 08:00:00 UTC,2000582299,malpaso,63,768.4985,true
173,2021-10-15 08:00:00 UTC,2003647964,SandManAU,64,766.0184,false
173,2021-10-15 08:00:00 UTC,513810258,Nebojsa022,65,752.2104,false
173,2021-10-15 08:00:00 UTC,2034708884,FamousDexsLeanCup,66,749.6572,true
173,2021-10-15 08:00:00 UTC,2003599228,TheBeyonder,67,742.5463,true
173,2021-10-15 08:00:00 UTC,2022298822,MarleyNZ,68,736.0768,true
173,2021-10-15 08:00:00 UTC,2005019653,Travman,69,729.8801,true
173,2021-10-15 08:00:00 UTC,1008942178,_Corinator_,70,720.4149,false
173,2021-10-15 08:00:00 UTC,2031489029,Player_2455005026,71,718.48,true
173,2021-10-15 08:00:00 UTC,2018328304,Chipmunk0007,71,718.48,true
173,2021-10-15 08:00:00 UTC,3000620883,Prophet_Mauser,71,718.48,true
173,2021-10-15 08:00:00 UTC,2000670266,LeChippy,74,717.971,true
173,2021-10-15 08:00:00 UTC,573501530,Hungry_Etiopian,75,717.8318,false
173,2021-10-15 08:00:00 UTC,2002050020,LightningMan,76,711.0642,false
173,2021-10-15 08:00:00 UTC,2018328096,Dark_ANZPL4,77,701.186,false
173,2021-10-15 08:00:00 UTC,2003272109,CowabungaRavvi,78,697.0997,false
173,2021-10-15 08:00:00 UTC,1015223132,KRZYBooP,79,692.4424,false
173,2021-10-15 08:00:00 UTC,2000643820,Vondle,80,692.0405,false
173,2021-10-15 08:00:00 UTC,2013512572,CynicalSilicon,81,686.2931,false
173,2021-10-15 08:00:00 UTC,2017383364,Shivanshu_Verma,82,686.1025,true
173,2021-10-15 08:00:00 UTC,2002701984,Zeeray,83,683.8029,true
173,2021-10-15 08:00:00 UTC,2003454375,na0,84,675.9427,true
173,2021-10-15 08:00:00 UTC,2000533261,Centurion_MK64,85,672.9743,true
173,2021-10-15 08:00:00 UTC,2002640736,stewiejp,86,669.7916,true
173,2021-10-15 08:00:00 UTC,2018850876,SpectraX,87,666.0133,true
173,2021-10-15 08:00:00 UTC,2003016904,ScoMo_at_Engadine_Maccas,88,661.1055,false
173,2021-10-15 08:00:00 UTC,2003594403,Ballisticx,89,657.235,true
173,2021-10-15 08:00:00 UTC,2030993170,Str8JaktJim_,90,647.5377,true
173,2021-10-15 08:00:00 UTC,2029575983,Dunder21,91,640.8321,true
173,2021-10-15 08:00:00 UTC,2014912231,NattyWW,92,639.0971,true
173,2021-10-15 08:00:00 UTC,2001884089,RainbowAssassin,93,630.5225,false
173,2021-10-15 08:00:00 UTC,2001360923,kies0999,94,607.9376,true
173,2021-10-15 08:00:00 UTC,2008789217,Willdabeast1,95,605.399,true
173,2021-10-15 08:00:00 UTC,1042431380,Zilzol,96,603.9863,false
173,2021-10-15 08:00:00 UTC,1006250724,NyxWGA,97,602.613,false
173,2021-10-15 08:00:00 UTC,1006327846,Bombaybacon,98,561.8146,false
173,2021-10-15 08:00:00 UTC,2003348735,Hotrodcoupe12,99,557.0429,true
173,2021-10-15 08:00:00 UTC,2000000419,_SIayer,100,540.9114,false
173,2021-10-15 08:00:00 UTC,2026777554,Mattacus__,101,524.1769,false
173,2021-10-15 08:00:00 UTC,1037333497,The_Might_Mun,102,497.1731,false
173,2021-10-15 08:00:00 UTC,1020985078,warhead_iron,103,468.7949,false
173,2021-10-15 08:00:00 UTC,2007261112,ChienTruomg,104,462.6944,true
173,2021-10-15 08:00:00 UTC,2000557980,McBlamn,105,453.2343,true
173,2021-10-15 08:00:00 UTC,2025201130,jo_hova,106,442.9248,true
173,2021-10-15 08:00:00 UTC,2000531395,Rovert34,107,347.704,true
173,2021-10-15 08:00:00 UTC,1029895586,Ronny28110,108,346.6687,false
173,2021-10-15 08:00:00 UTC,1002202714,Going_Ham,109,341.9739,false
173,2021-10-15 08:00:00 UTC,1003997196,xtc4,109,341.9739,false
173,2021-10-15 08:00:00 UTC,2014795220,_Howto,111,286.8219,true
173,2021-10-15 08:00:00 UTC,2014872384,El_Comandante,112,260.5651,true
173,2021-10-15 08:00:00 UTC,1004898677,AmigoDeEscuela,113,228.5189,false
173,2021-10-15 08:00:00 UTC,2018658600,Twit_,114,194.333,false
174,2021-10-22 08:00:00 UTC,2020297444,rupro_,1,1309.1574,true
174,2021-10-22 08:00:00 UTC,2018332624,SaxonOrrick,2,1294.5393,false
174,2021-10-22 08:00:00 UTC,2000670266,LeChippy,3,1254.2293,true
174,2021-10-22 08:00:00 UTC,2003599228,TheBeyonder,4,1239.7053,true
174,2021-10-22 08:00:00 UTC,1030957085,PavedByDave,5,1238.4831,false
174,2021-10-22 08:00:00 UTC,2018717708,__Bluey__,6,1197.7001,false
174,2021-10-22 08:00:00 UTC,2018159991,JayRated,7,1196.6877,false
174,2021-10-22 08:00:00 UTC,2007764393,gloster173,8,1177.6063,true
174,2021-10-22 08:00:00 UTC,2002485304,Toddy339,9,1164.4623,true
174,2021-10-22 08:00:00 UTC,2012905535,Beast_Tanker444,10,1160.0207,true
174,2021-10-22 08:00:00 UTC,2018324319,Benny_The_Bot,11,1159.5411,false
174,2021-10-22 08:00:00 UTC,2005019653,Travman,12,1153.4763,true
174,2021-10-22 08:00:00 UTC,2005573310,JS_,13,1152.4397,false
174,2021-10-22 08:00:00 UTC,2030993170,Str8JaktJim_,14,1138.6884,true
174,2021-10-22 08:00:00 UTC,2001884089,RainbowAssassin,15,1134.5154,false
174,2021-10-22 08:00:00 UTC,2018328304,Chipmunk0007,16,1133.1238,true
174,2021-10-22 08:00:00 UTC,2018850876,SpectraX,17,1120.9752,true
174,2021-10-22 08:00:00 UTC,2001428029,Tickle_Monster,18,1120.7641,true
174,2021-10-22 08:00:00 UTC,2023799441,A_Raspberry_Flavoured_,19,1119.0589,false
174,2021-10-22 08:00:00 UTC,2000240907,Fadey,20,1107.1557,true
174,2021-10-22 08:00:00 UTC,2002701984,Zeeray,21,1098.3874,true
174,2021-10-22 08:00:00 UTC,3000620883,Prophet_Mauser,22,1095.7793,true
174,2021-10-22 08:00:00 UTC,2031489029,Player_2455005026,22,1095.7793,true
174,2021-10-22 08:00:00 UTC,2000452409,SeeGaul98,24,1094.1254,true
174,2021-10-22 08:00:00 UTC,2012105834,DrkAvngr,25,1086.5175,true
174,2021-10-22 08:00:00 UTC,2000557049,Napalmer,26,1076.2593,false
174,2021-10-22 08:00:00 UTC,2000002044,sooxx,27,1072.2643,true
174,2021-10-22 08:00:00 UTC,2014554965,nev3r,28,1054.1889,false
174,2021-10-22 08:00:00 UTC,2018328096,Dark_ANZPL4,29,1048.0128,false
174,2021-10-22 08:00:00 UTC,2026777554,Mattacus__,30,1046.5975,false
174,2021-10-22 08:00:00 UTC,2018331370,Thomark,31,1040.5565,true
174,2021-10-22 08:00:00 UTC,2003906969,ikj007,32,1038.0097,true
174,2021-10-22 08:00:00 UTC,2010845029,Tiger_Snake_101,32,1038.0097,true
174,2021-10-22 08:00:00 UTC,2005965818,XpiQ,34,1036.0376,false
174,2021-10-22 08:00:00 UTC,2027194451,haha_yes,35,1031.2867,true
174,2021-10-22 08:00:00 UTC,2032315315,Jaws,36,1010.8482,false
174,2021-10-22 08:00:00 UTC,2002740285,puelhem,37,1008.5488,true
174,2021-10-22 08:00:00 UTC,2018404239,Kiwi_Dynamite,38,1007.4173,true
174,2021-10-22 08:00:00 UTC,2003085633,13bladez,39,1002.6361,false
174,2021-10-22 08:00:00 UTC,1036771081,_Tigr_ButNoChief,40,1001.5284,false
174,2021-10-22 08:00:00 UTC,2026286298,AusCanPlant,41,996.9623,true
174,2021-10-22 08:00:00 UTC,1001255155,chase_no_cinco,42,991.8144,false
174,2021-10-22 08:00:00 UTC,2001479740,Nigel_NoFriends,43,977.2594,true
174,2021-10-22 08:00:00 UTC,2005201046,Vilitch,44,973.7752,true
174,2021-10-22 08:00:00 UTC,2001360923,kies0999,45,971.9217,true
174,2021-10-22 08:00:00 UTC,2000582299,malpaso,46,969.9952,true
174,2021-10-22 08:00:00 UTC,2016989252,Pp_Power,47,960.4796,true
174,2021-10-22 08:00:00 UTC,2016609157,quirkyturtle86,48,951.7433,true
174,2021-10-22 08:00:00 UTC,2005775629,Ziggy_Bravo_27,49,948.8203,true
174,2021-10-22 08:00:00 UTC,1002278436,_Tigr,50,940.8863,false
174,2021-10-22 08:00:00 UTC,2034708884,FamousDexsLeanCup,51,938.9336,true
174,2021-10-22 08:00:00 UTC,2025201130,jo_hova,52,906.5552,true
174,2021-10-22 08:00:00 UTC,2034894561,k1ngk1ler,53,898.7352,true
174,2021-10-22 08:00:00 UTC,1026253618,JellyFishBob_,54,895.4006,false
174,2021-10-22 08:00:00 UTC,513810258,Nebojsa022,55,890.4398,false
174,2021-10-22 08:00:00 UTC,2000565777,Captain_Cows,56,885.5615,false
174,2021-10-22 08:00:00 UTC,2000643820,Vondle,57,880.719,false
174,2021-10-22 08:00:00 UTC,2016842462,isaak34,58,878.4552,true
174,2021-10-22 08:00:00 UTC,2002640736,stewiejp,59,860.471,true
174,2021-10-22 08:00:00 UTC,1010887368,Akashah,60,831.8744,false
174,2021-10-22 08:00:00 UTC,1037333497,The_Might_Mun,61,810.5519,false
174,2021-10-22 08:00:00 UTC,2003594403,Ballisticx,62,786.1726,true
174,2021-10-22 08:00:00 UTC,2004085542,Elfishguy11,63,779.3057,false
174,2021-10-22 08:00:00 UTC,2013512572,CynicalSilicon,64,777.7333,false
174,2021-10-22 08:00:00 UTC,2014912231,NattyWW,65,763.57,true
174,2021-10-22 08:00:00 UTC,2003016904,ScoMo_at_Engadine_Maccas,66,744.3598,false
174,2021-10-22 08:00:00 UTC,2000531395,Rovert34,67,733.8786,true
174,2021-10-22 08:00:00 UTC,1029895586,Ronny28110,68,727.193,false
174,2021-10-22 08:00:00 UTC,2013338869,Trina_Made_It,69,723.5686,true
174,2021-10-22 08:00:00 UTC,2003348735,Hotrodcoupe12,70,709.8523,true
174,2021-10-22 08:00:00 UTC,2003454375,na0,71,701.2968,true
174,2021-10-22 08:00:00 UTC,2003083380,RapunzeI,72,700.1026,true
174,2021-10-22 08:00:00 UTC,1006250724,NyxWGA,73,692.4844,false
174,2021-10-22 08:00:00 UTC,2003647964,SandManAU,74,681.3337,false
174,2021-10-22 08:00:00 UTC,1008942178,_Corinator_,75,672.9589,false
174,2021-10-22 08:00:00 UTC,1002465274,heavymetal1967,76,660.55,false
174,2021-10-22 08:00:00 UTC,2019488005,Abu_Ghifaari,77,658.089,true
174,2021-10-22 08:00:00 UTC,2006069245,WotsNV,78,641.5774,true
174,2021-10-22 08:00:00 UTC,2002050020,LightningMan,79,639.0759,false
174,2021-10-22 08:00:00 UTC,2014872384,El_Comandante,80,621.0866,true
174,2021-10-22 08:00:00 UTC,2017703841,KaRathCS,81,620.7985,false
174,2021-10-22 08:00:00 UTC,2010421042,Vaya_Con_Dios,82,618.6215,true
174,2021-10-22 08:00:00 UTC,1015223132,KRZYBooP,83,614.2404,false
174,2021-10-22 08:00:00 UTC,2018338956,RowendyTheTwoTime,84,612.6928,true
174,2021-10-22 08:00:00 UTC,2003632377,DarthCavalier,85,607.2663,true
174,2021-10-22 08:00:00 UTC,2000529778,Aunty_Jacinda,86,586.1699,false
174,2021-10-22 08:00:00 UTC,2011225706,Bradley_Ando_Anderson,87,569.8237,true
174,2021-10-22 08:00:00 UTC,2014795220,_Howto,88,568.5632,true
174,2021-10-22 08:00:00 UTC,2025950308,ThitHeo_TomChua,89,550.8511,true
174,2021-10-22 08:00:00 UTC,2031998941,NawaguH,89,550.8511,true
174,2021-10-22 08:00:00 UTC,2001578320,Cyn_nev3r_Fondle_Jay,91,549.4623,true
174,2021-10-22 08:00:00 UTC,2004608779,9_9_destroyer,92,548.6691,true
174,2021-10-22 08:00:00 UTC,1006327846,Bombaybacon,93,545.2204,false
174,2021-10-22 08:00:00 UTC,2022298822,MarleyNZ,94,539.8422,true
174,2021-10-22 08:00:00 UTC,2004163244,Knobzy,95,534.9887,true
174,2021-10-22 08:00:00 UTC,2003535036,Saffe,96,516.2564,false
174,2021-10-22 08:00:00 UTC,2000557980,McBlamn,97,507.2787,true
174,2021-10-22 08:00:00 UTC,1042431380,Zilzol,98,497.0173,false
174,2021-10-22 08:00:00 UTC,2000000419,_SIayer,99,482.9858,false
174,2021-10-22 08:00:00 UTC,2002046057,_0reos_,100,477.0261,true
174,2021-10-22 08:00:00 UTC,2008666381,sammie_2015,101,471.6827,true
174,2021-10-22 08:00:00 UTC,2017383364,Shivanshu_Verma,102,471.5099,true
174,2021-10-22 08:00:00 UTC,2018658600,Twit_,103,457.3558,false
174,2021-10-22 08:00:00 UTC,2029575983,Dunder21,104,434.3888,true
174,2021-10-22 08:00:00 UTC,2001659726,CandleSaul,105,431.125,true
174,2021-10-22 08:00:00 UTC,573501530,Hungry_Etiopian,106,428.6145,false
174,2021-10-22 08:00:00 UTC,2000533261,Centurion_MK64,107,413.595,true
174,2021-10-22 08:00:00 UTC,2007261112,ChienTruomg,108,328.0929,true
174,2021-10-22 08:00:00 UTC,2008789217,Willdabeast1,109,275.7473,true
174,2021-10-22 08:00:00 UTC,2003272109,CowabungaRavvi,110,252.6729,false
174,2021-10-22 08:00:00 UTC,2001438825,cjhunt2001,111,194.2547,false
174,2021-10-22 08:00:00 UTC,1003997196,xtc4,112,186.0393,false
174,2021-10-22 08:00:00 UTC,1002202714,Going_Ham,112,186.0393,false
174,2021-10-22 08:00:00 UTC,1020985078,warhead_iron,114,168.9441,false
174,2021-10-22 08:00:00 UTC,1004898677,AmigoDeEscuela,114,168.9441,false
195,2021-10-29 08:00:00 UTC,2027194451,haha_yes,1,1684.2722,true
195,2021-10-29 08:00:00 UTC,2000002044,sooxx,1,1684.2722,true
195,2021-10-29 08:00:00 UTC,2023799441,A_Raspberry_Flavoured_,3,1577.2347,false
195,2021-10-29 08:00:00 UTC,2018331370,Thomark,4,1556.9416,true
195,2021-10-29 08:00:00 UTC,2001884089,RainbowAssassin,5,1519.4771,false
195,2021-10-29 08:00:00 UTC,2000557049,Napalmer,6,1510.2185,false
195,2021-10-29 08:00:00 UTC,2000565777,Captain_Cows,7,1458.2554,false
195,2021-10-29 08:00:00 UTC,2026286298,AusCanPlant,8,1395.6919,true
195,2021-10-29 08:00:00 UTC,2003594403,Ballisticx,9,1372.7188,true
195,2021-10-29 08:00:00 UTC,2004608779,9_9_destroyer,10,1371.802,true
195,2021-10-29 08:00:00 UTC,2034708884,FamousDexsLeanCup,11,1364.5045,true
195,2021-10-29 08:00:00 UTC,2000452409,SeeGaul98,12,1325.1303,true
195,2021-10-29 08:00:00 UTC,2007764393,gloster173,13,1322.5382,true
195,2021-10-29 08:00:00 UTC,2034894561,k1ngk1ler,14,1226.385,true
195,2021-10-29 08:00:00 UTC,2003016904,ScoMo_at_Engadine_Maccas,14,1226.385,false
195,2021-10-29 08:00:00 UTC,2000240907,Fadey,16,1216.7408,true
195,2021-10-29 08:00:00 UTC,2014554965,nev3r,17,1207.3425,false
195,2021-10-29 08:00:00 UTC,2014912231,NattyWW,18,1187.4849,true
195,2021-10-29 08:00:00 UTC,2032315315,Jaws,19,1108.5972,false
195,2021-10-29 08:00:00 UTC,2016842462,isaak34,20,1100.3829,true
195,2021-10-29 08:00:00 UTC,2018850876,SpectraX,21,1093.7738,true
195,2021-10-29 08:00:00 UTC,2001438825,cjhunt2001,22,1089.297,false
195,2021-10-29 08:00:00 UTC,2017703841,KaRathCS,23,1043.3137,false
195,2021-10-29 08:00:00 UTC,2004085542,Elfishguy11,24,1009.0506,false
195,2021-10-29 08:00:00 UTC,2003632377,DarthCavalier,25,942.4501,true
195,2021-10-29 08:00:00 UTC,2018159991,JayRated,26,927.0962,false
195,2021-10-29 08:00:00 UTC,2003906969,ikj007,27,924.8375,true
195,2021-10-29 08:00:00 UTC,2001428029,Tickle_Monster,27,924.8375,true
195,2021-10-29 08:00:00 UTC,2003647964,SandManAU,29,917.3116,false
195,2021-10-29 08:00:00 UTC,2010845029,Tiger_Snake_101,30,914.5239,true
195,2021-10-29 08:00:00 UTC,2005573310,JS_,31,914.0048,false
195,2021-10-29 08:00:00 UTC,2030993170,Str8JaktJim_,32,893.2711,true
195,2021-10-29 08:00:00 UTC,2018404239,Kiwi_Dynamite,33,866.0977,true
195,2021-10-29 08:00:00 UTC,2002640736,stewiejp,34,858.1823,true
195,2021-10-29 08:00:00 UTC,2000670266,LeChippy,35,710.4484,true
199,2021-11-05 08:00:00 UTC,2001428029,Tickle_Monster,1,1764.9797,true
199,2021-11-05 08:00:00 UTC,2003906969,ikj007,1,1764.9797,true
199,2021-11-05 08:00:00 UTC,2000557049,Napalmer,1,1764.9797,false
199,2021-11-05 08:00:00 UTC,2018850876,SpectraX,1,1764.9797,true
199,2021-11-05 08:00:00 UTC,2030993170,Str8JaktJim_,5,1729.8235,true
199,2021-11-05 08:00:00 UTC,2034708884,FamousDexsLeanCup,6,1586.0091,true
199,2021-11-05 08:00:00 UTC,2000452409,SeeGaul98,6,1586.0091,true
199,2021-11-05 08:00:00 UTC,2018159991,JayRated,8,1553.3427,false
199,2021-11-05 08:00:00 UTC,2023799441,A_Raspberry_Flavoured_,9,1531.9053,false
199,2021-11-05 08:00:00 UTC,2020297444,rupro_,10,1497.718,true
199,2021-11-05 08:00:00 UTC,2007764393,gloster173,11,1474.9586,true
199,2021-11-05 08:00:00 UTC,2002640736,stewiejp,12,1460.1258,true
199,2021-11-05 08:00:00 UTC,2001438825,cjhunt2001,13,1425.3151,false
199,2021-11-05 08:00:00 UTC,2003016904,ScoMo_at_Engadine_Maccas,14,1324.448,false
199,2021-11-05 08:00:00 UTC,2014912231,NattyWW,14,1324.448,true
199,2021-11-05 08:00:00 UTC,2034894561,k1ngk1ler,14,1324.448,true
199,2021-11-05 08:00:00 UTC,2000002044,sooxx,17,1317.4926,true
199,2021-11-05 08:00:00 UTC,2003647964,SandManAU,18,1310.5963,false
199,2021-11-05 08:00:00 UTC,2000670266,LeChippy,18,1310.5963,true
199,2021-11-05 08:00:00 UTC,2004085542,Elfishguy11,18,1310.5963,false
199,2021-11-05 08:00:00 UTC,2010845029,Tiger_Snake_101,18,1310.5963,true
199,2021-11-05 08:00:00 UTC,2018404239,Kiwi_Dynamite,18,1310.5963,true
199,2021-11-05 08:00:00 UTC,2000240907,Fadey,23,1222.165,true
199,2021-11-05 08:00:00 UTC,2026286298,AusCanPlant,24,1148.0989,true
199,2021-11-05 08:00:00 UTC,2003632377,DarthCavalier,25,1132.5138,true
199,2021-11-05 08:00:00 UTC,2016842462,isaak34,26,1131.6257,true
199,2021-11-05 08:00:00 UTC,2003594403,Ballisticx,27,1125.1795,true
199,2021-11-05 08:00:00 UTC,2032315315,Jaws,28,1057.0587,false
199,2021-11-05 08:00:00 UTC,2017703841,KaRathCS,29,1047.0115,false
199,2021-11-05 08:00:00 UTC,2005573310,JS_,30,1018.0209,false
199,2021-11-05 08:00:00 UTC,2002485304,Toddy339,31,997.8383,true
199,2021-11-05 08:00:00 UTC,2014554965,nev3r,32,973.3416,false
199,2021-11-05 08:00:00 UTC,2027194451,haha_yes,33,704.7926,true
199,2021-11-05 08:00:00 UTC,2018331370,Thomark,34,700.911,true
199,2021-11-05 08:00:00 UTC,2001884089,RainbowAssassin,35,538.2188,false
199,2021-11-05 08:00:00 UTC,2000565777,Captain_Cows,36,397.7299,false
199,2021-11-05 08:00:00 UTC,2004608779,9_9_destroyer,37,253.2291,true
198,2021-11-13 10:00:00 UTC,2002485304,Toddy339,1,1465.235,true
198,2021-11-13 10:00:00 UTC,2000240907,Fadey,1,1465.235,true
198,2021-11-13 10:00:00 UTC,2001438825,cjhunt2001,3,1456.6651,false
198,2021-11-13 10:00:00 UTC,2007764393,gloster173,3,1456.6651,true
198,2021-11-13 10:00:00 UTC,2018331370,Thomark,5,1384.9132,true
198,2021-11-13 10:00:00 UTC,2003906969,ikj007,6,1336.5639,true
198,2021-11-13 10:00:00 UTC,2000452409,SeeGaul98,6,1336.5639,true
198,2021-11-13 10:00:00 UTC,2023799441,A_Raspberry_Flavoured_,8,1335.3694,false
198,2021-11-13 10:00:00 UTC,2020297444,rupro_,8,1335.3694,true
198,2021-11-13 10:00:00 UTC,2004085542,Elfishguy11,10,1334.2704,false
198,2021-11-13 10:00:00 UTC,2000670266,LeChippy,10,1334.2704,true
198,2021-11-13 10:00:00 UTC,2032315315,Jaws,10,1334.2704,false
198,2021-11-13 10:00:00 UTC,2016842462,isaak34,13,1325.7005,true
198,2021-11-13 10:00:00 UTC,2001428029,Tickle_Monster,13,1325.7005,true
198,2021-11-13 10:00:00 UTC,2003632377,DarthCavalier,15,1303.2798,true
198,2021-11-13 10:00:00 UTC,2018404239,Kiwi_Dynamite,16,1274.4809,true
198,2021-11-13 10:00:00 UTC,2002640736,stewiejp,17,1263.6175,true
198,2021-11-13 10:00:00 UTC,2026286298,AusCanPlant,18,1232.9668,true
198,2021-11-13 10:00:00 UTC,2018850876,SpectraX,19,1226.5427,true
198,2021-11-13 10:00:00 UTC,2010845029,Tiger_Snake_101,20,1223.8381,true
198,2021-11-13 10:00:00 UTC,2034708884,FamousDexsLeanCup,21,1215.2682,true
198,2021-11-13 10:00:00 UTC,2030993170,Str8JaktJim_,21,1215.2682,true
198,2021-11-13 10:00:00 UTC,2018159991,JayRated,23,1181.9841,false
198,2021-11-13 10:00:00 UTC,2013338869,Trina_Made_It,24,1142.066,true
198,2021-11-13 10:00:00 UTC,2000565777,Captain_Cows,25,1135.5171,false
198,2021-11-13 10:00:00 UTC,2005573310,JS_,26,1133.7269,false
198,2021-11-13 10:00:00 UTC,2003599228,TheBeyonder,27,1104.5265,true
198,2021-11-13 10:00:00 UTC,2000557049,Napalmer,27,1104.5265,false
198,2021-11-13 10:00:00 UTC,2014554965,nev3r,29,1068.7226,false
198,2021-11-13 10:00:00 UTC,2000002044,sooxx,30,1033.1145,true
198,2021-11-13 10:00:00 UTC,2003647964,SandManAU,31,970.8017,false
198,2021-11-13 10:00:00 UTC,2017703841,KaRathCS,31,970.8017,false
198,2021-11-13 10:00:00 UTC,2014912231,NattyWW,33,889.5829,true
198,2021-11-13 10:00:00 UTC,2034894561,k1ngk1ler,34,847.8885,true
198,2021-11-13 10:00:00 UTC,2003016904,ScoMo_at_Engadine_Maccas,34,847.8885,false
198,2021-11-13 10:00:00 UTC,2001884089,RainbowAssassin,36,699.0189,false
198,2021-11-13 10:00:00 UTC,2003594403,Ballisticx,37,690.449,true
198,2021-11-13 10:00:00 UTC,2027194451,haha_yes,38,588.0464,true
198,2021-11-13 10:00:00 UTC,2004608779,9_9_destroyer,39,541.5794,true
